method,seed,outer_fold,params,inner_mrr
A3_signature,0,0,{'C': 0.01},0.5055
A3_signature,0,0,{'C': 0.1},0.4643
A3_signature,0,0,{'C': 1},0.4371
A3_signature,0,0,{'C': 10},0.4269
A3_signature,0,1,{'C': 0.01},0.4968
A3_signature,0,1,{'C': 0.1},0.4515
A3_signature,0,1,{'C': 1},0.4314
A3_signature,0,1,{'C': 10},0.4328
A3_signature,0,2,{'C': 0.01},0.5186
A3_signature,0,2,{'C': 0.1},0.4334
A3_signature,0,2,{'C': 1},0.3927
A3_signature,0,2,{'C': 10},0.3825
A3_signature,0,3,{'C': 0.01},0.5212
A3_signature,0,3,{'C': 0.1},0.4429
A3_signature,0,3,{'C': 1},0.4137
A3_signature,0,3,{'C': 10},0.4043
A3_signature,0,4,{'C': 0.01},0.5298
A3_signature,0,4,{'C': 0.1},0.5173
A3_signature,0,4,{'C': 1},0.5052
A3_signature,0,4,{'C': 10},0.5009
A3_signature,1,0,{'C': 0.01},0.5297
A3_signature,1,0,{'C': 0.1},0.4927
A3_signature,1,0,{'C': 1},0.4517
A3_signature,1,0,{'C': 10},0.4517
A3_signature,1,1,{'C': 0.01},0.5130
A3_signature,1,1,{'C': 0.1},0.4609
A3_signature,1,1,{'C': 1},0.4086
A3_signature,1,1,{'C': 10},0.4045
A3_signature,1,2,{'C': 0.01},0.4879
A3_signature,1,2,{'C': 0.1},0.4665
A3_signature,1,2,{'C': 1},0.4398
A3_signature,1,2,{'C': 10},0.4399
A3_signature,1,3,{'C': 0.01},0.5445
A3_signature,1,3,{'C': 0.1},0.4712
A3_signature,1,3,{'C': 1},0.4408
A3_signature,1,3,{'C': 10},0.4267
A3_signature,1,4,{'C': 0.01},0.4844
A3_signature,1,4,{'C': 0.1},0.4364
A3_signature,1,4,{'C': 1},0.4123
A3_signature,1,4,{'C': 10},0.4093
A3_signature,2,0,{'C': 0.01},0.4836
A3_signature,2,0,{'C': 0.1},0.4344
A3_signature,2,0,{'C': 1},0.4096
A3_signature,2,0,{'C': 10},0.4095
A3_signature,2,1,{'C': 0.01},0.5066
A3_signature,2,1,{'C': 0.1},0.4713
A3_signature,2,1,{'C': 1},0.4281
A3_signature,2,1,{'C': 10},0.4279
A3_signature,2,2,{'C': 0.01},0.5259
A3_signature,2,2,{'C': 0.1},0.4866
A3_signature,2,2,{'C': 1},0.4614
A3_signature,2,2,{'C': 10},0.4613
A3_signature,2,3,{'C': 0.01},0.5450
A3_signature,2,3,{'C': 0.1},0.5117
A3_signature,2,3,{'C': 1},0.4798
A3_signature,2,3,{'C': 10},0.4728
A3_signature,2,4,{'C': 0.01},0.5053
A3_signature,2,4,{'C': 0.1},0.4717
A3_signature,2,4,{'C': 1},0.4422
A3_signature,2,4,{'C': 10},0.4285
A4_bigram_salience,0,0,{'C': 0.001},0.2102
A4_bigram_salience,0,0,{'C': 0.01},0.2179
A4_bigram_salience,0,0,{'C': 0.1},0.1572
A4_bigram_salience,0,0,{'C': 1},0.0754
A4_bigram_salience,0,0,{'C': 10},0.0508
A4_bigram_salience,0,1,{'C': 0.001},0.2768
A4_bigram_salience,0,1,{'C': 0.01},0.2910
A4_bigram_salience,0,1,{'C': 0.1},0.2249
A4_bigram_salience,0,1,{'C': 1},0.1130
A4_bigram_salience,0,1,{'C': 10},0.0631
A4_bigram_salience,0,2,{'C': 0.001},0.2778
A4_bigram_salience,0,2,{'C': 0.01},0.3028
A4_bigram_salience,0,2,{'C': 0.1},0.2244
A4_bigram_salience,0,2,{'C': 1},0.0833
A4_bigram_salience,0,2,{'C': 10},0.0426
A4_bigram_salience,0,3,{'C': 0.001},0.2498
A4_bigram_salience,0,3,{'C': 0.01},0.2854
A4_bigram_salience,0,3,{'C': 0.1},0.2357
A4_bigram_salience,0,3,{'C': 1},0.1333
A4_bigram_salience,0,3,{'C': 10},0.0771
A4_bigram_salience,0,4,{'C': 0.001},0.2822
A4_bigram_salience,0,4,{'C': 0.01},0.2858
A4_bigram_salience,0,4,{'C': 0.1},0.2454
A4_bigram_salience,0,4,{'C': 1},0.1232
A4_bigram_salience,0,4,{'C': 10},0.0691
A4_bigram_salience,1,0,{'C': 0.001},0.2757
A4_bigram_salience,1,0,{'C': 0.01},0.2950
A4_bigram_salience,1,0,{'C': 0.1},0.2437
A4_bigram_salience,1,0,{'C': 1},0.1285
A4_bigram_salience,1,0,{'C': 10},0.0590
A4_bigram_salience,1,1,{'C': 0.001},0.2605
A4_bigram_salience,1,1,{'C': 0.01},0.2556
A4_bigram_salience,1,1,{'C': 0.1},0.1922
A4_bigram_salience,1,1,{'C': 1},0.0958
A4_bigram_salience,1,1,{'C': 10},0.0535
A4_bigram_salience,1,2,{'C': 0.001},0.2459
A4_bigram_salience,1,2,{'C': 0.01},0.2261
A4_bigram_salience,1,2,{'C': 0.1},0.1598
A4_bigram_salience,1,2,{'C': 1},0.0903
A4_bigram_salience,1,2,{'C': 10},0.0653
A4_bigram_salience,1,3,{'C': 0.001},0.2747
A4_bigram_salience,1,3,{'C': 0.01},0.2728
A4_bigram_salience,1,3,{'C': 0.1},0.2042
A4_bigram_salience,1,3,{'C': 1},0.1156
A4_bigram_salience,1,3,{'C': 10},0.0654
A4_bigram_salience,1,4,{'C': 0.001},0.2731
A4_bigram_salience,1,4,{'C': 0.01},0.2642
A4_bigram_salience,1,4,{'C': 0.1},0.1975
A4_bigram_salience,1,4,{'C': 1},0.0922
A4_bigram_salience,1,4,{'C': 10},0.0467
A4_bigram_salience,2,0,{'C': 0.001},0.2630
A4_bigram_salience,2,0,{'C': 0.01},0.2811
A4_bigram_salience,2,0,{'C': 0.1},0.1955
A4_bigram_salience,2,0,{'C': 1},0.1155
A4_bigram_salience,2,0,{'C': 10},0.0694
A4_bigram_salience,2,1,{'C': 0.001},0.2629
A4_bigram_salience,2,1,{'C': 0.01},0.2691
A4_bigram_salience,2,1,{'C': 0.1},0.2170
A4_bigram_salience,2,1,{'C': 1},0.1451
A4_bigram_salience,2,1,{'C': 10},0.0795
A4_bigram_salience,2,2,{'C': 0.001},0.2599
A4_bigram_salience,2,2,{'C': 0.01},0.2741
A4_bigram_salience,2,2,{'C': 0.1},0.2193
A4_bigram_salience,2,2,{'C': 1},0.1071
A4_bigram_salience,2,2,{'C': 10},0.0676
A4_bigram_salience,2,3,{'C': 0.001},0.2762
A4_bigram_salience,2,3,{'C': 0.01},0.2883
A4_bigram_salience,2,3,{'C': 0.1},0.2260
A4_bigram_salience,2,3,{'C': 1},0.1435
A4_bigram_salience,2,3,{'C': 10},0.0887
A4_bigram_salience,2,4,{'C': 0.001},0.2216
A4_bigram_salience,2,4,{'C': 0.01},0.2170
A4_bigram_salience,2,4,{'C': 0.1},0.1649
A4_bigram_salience,2,4,{'C': 1},0.0571
A4_bigram_salience,2,4,{'C': 10},0.0313
A6_gbm_fusion,0,0,"{'n_estimators': 100, 'max_depth': 2, 'lr': 0.01}",0.4515
A6_gbm_fusion,0,0,"{'n_estimators': 100, 'max_depth': 2, 'lr': 0.05}",0.4557
A6_gbm_fusion,0,0,"{'n_estimators': 100, 'max_depth': 2, 'lr': 0.1}",0.4641
A6_gbm_fusion,0,0,"{'n_estimators': 100, 'max_depth': 3, 'lr': 0.01}",0.4482
A6_gbm_fusion,0,0,"{'n_estimators': 100, 'max_depth': 3, 'lr': 0.05}",0.4437
A6_gbm_fusion,0,0,"{'n_estimators': 100, 'max_depth': 3, 'lr': 0.1}",0.4480
A6_gbm_fusion,0,0,"{'n_estimators': 100, 'max_depth': 5, 'lr': 0.01}",0.4591
A6_gbm_fusion,0,0,"{'n_estimators': 100, 'max_depth': 5, 'lr': 0.05}",0.4340
A6_gbm_fusion,0,0,"{'n_estimators': 100, 'max_depth': 5, 'lr': 0.1}",0.4389
A6_gbm_fusion,0,0,"{'n_estimators': 300, 'max_depth': 2, 'lr': 0.01}",0.4606
A6_gbm_fusion,0,0,"{'n_estimators': 300, 'max_depth': 2, 'lr': 0.05}",0.4527
A6_gbm_fusion,0,0,"{'n_estimators': 300, 'max_depth': 2, 'lr': 0.1}",0.4429
A6_gbm_fusion,0,0,"{'n_estimators': 300, 'max_depth': 3, 'lr': 0.01}",0.4661
A6_gbm_fusion,0,0,"{'n_estimators': 300, 'max_depth': 3, 'lr': 0.05}",0.4359
A6_gbm_fusion,0,0,"{'n_estimators': 300, 'max_depth': 3, 'lr': 0.1}",0.4350
A6_gbm_fusion,0,0,"{'n_estimators': 300, 'max_depth': 5, 'lr': 0.01}",0.4523
A6_gbm_fusion,0,0,"{'n_estimators': 300, 'max_depth': 5, 'lr': 0.05}",0.4038
A6_gbm_fusion,0,0,"{'n_estimators': 300, 'max_depth': 5, 'lr': 0.1}",0.3376
A6_gbm_fusion,0,1,"{'n_estimators': 100, 'max_depth': 2, 'lr': 0.01}",0.4300
A6_gbm_fusion,0,1,"{'n_estimators': 100, 'max_depth': 2, 'lr': 0.05}",0.4373
A6_gbm_fusion,0,1,"{'n_estimators': 100, 'max_depth': 2, 'lr': 0.1}",0.4348
A6_gbm_fusion,0,1,"{'n_estimators': 100, 'max_depth': 3, 'lr': 0.01}",0.4408
A6_gbm_fusion,0,1,"{'n_estimators': 100, 'max_depth': 3, 'lr': 0.05}",0.4412
A6_gbm_fusion,0,1,"{'n_estimators': 100, 'max_depth': 3, 'lr': 0.1}",0.4495
A6_gbm_fusion,0,1,"{'n_estimators': 100, 'max_depth': 5, 'lr': 0.01}",0.4504
A6_gbm_fusion,0,1,"{'n_estimators': 100, 'max_depth': 5, 'lr': 0.05}",0.4479
A6_gbm_fusion,0,1,"{'n_estimators': 100, 'max_depth': 5, 'lr': 0.1}",0.4295
A6_gbm_fusion,0,1,"{'n_estimators': 300, 'max_depth': 2, 'lr': 0.01}",0.4327
A6_gbm_fusion,0,1,"{'n_estimators': 300, 'max_depth': 2, 'lr': 0.05}",0.4534
A6_gbm_fusion,0,1,"{'n_estimators': 300, 'max_depth': 2, 'lr': 0.1}",0.4426
A6_gbm_fusion,0,1,"{'n_estimators': 300, 'max_depth': 3, 'lr': 0.01}",0.4436
A6_gbm_fusion,0,1,"{'n_estimators': 300, 'max_depth': 3, 'lr': 0.05}",0.4318
A6_gbm_fusion,0,1,"{'n_estimators': 300, 'max_depth': 3, 'lr': 0.1}",0.3793
A6_gbm_fusion,0,1,"{'n_estimators': 300, 'max_depth': 5, 'lr': 0.01}",0.4499
A6_gbm_fusion,0,1,"{'n_estimators': 300, 'max_depth': 5, 'lr': 0.05}",0.4295
A6_gbm_fusion,0,1,"{'n_estimators': 300, 'max_depth': 5, 'lr': 0.1}",0.3368
A6_gbm_fusion,0,2,"{'n_estimators': 100, 'max_depth': 2, 'lr': 0.01}",0.4560
A6_gbm_fusion,0,2,"{'n_estimators': 100, 'max_depth': 2, 'lr': 0.05}",0.4468
A6_gbm_fusion,0,2,"{'n_estimators': 100, 'max_depth': 2, 'lr': 0.1}",0.4637
A6_gbm_fusion,0,2,"{'n_estimators': 100, 'max_depth': 3, 'lr': 0.01}",0.4472
A6_gbm_fusion,0,2,"{'n_estimators': 100, 'max_depth': 3, 'lr': 0.05}",0.4720
A6_gbm_fusion,0,2,"{'n_estimators': 100, 'max_depth': 3, 'lr': 0.1}",0.4803
A6_gbm_fusion,0,2,"{'n_estimators': 100, 'max_depth': 5, 'lr': 0.01}",0.4430
A6_gbm_fusion,0,2,"{'n_estimators': 100, 'max_depth': 5, 'lr': 0.05}",0.4606
A6_gbm_fusion,0,2,"{'n_estimators': 100, 'max_depth': 5, 'lr': 0.1}",0.4082
A6_gbm_fusion,0,2,"{'n_estimators': 300, 'max_depth': 2, 'lr': 0.01}",0.4564
A6_gbm_fusion,0,2,"{'n_estimators': 300, 'max_depth': 2, 'lr': 0.05}",0.4756
A6_gbm_fusion,0,2,"{'n_estimators': 300, 'max_depth': 2, 'lr': 0.1}",0.4553
A6_gbm_fusion,0,2,"{'n_estimators': 300, 'max_depth': 3, 'lr': 0.01}",0.4640
A6_gbm_fusion,0,2,"{'n_estimators': 300, 'max_depth': 3, 'lr': 0.05}",0.4654
A6_gbm_fusion,0,2,"{'n_estimators': 300, 'max_depth': 3, 'lr': 0.1}",0.4456
A6_gbm_fusion,0,2,"{'n_estimators': 300, 'max_depth': 5, 'lr': 0.01}",0.4570
A6_gbm_fusion,0,2,"{'n_estimators': 300, 'max_depth': 5, 'lr': 0.05}",0.4074
A6_gbm_fusion,0,2,"{'n_estimators': 300, 'max_depth': 5, 'lr': 0.1}",0.3567
A6_gbm_fusion,0,3,"{'n_estimators': 100, 'max_depth': 2, 'lr': 0.01}",0.4701
A6_gbm_fusion,0,3,"{'n_estimators': 100, 'max_depth': 2, 'lr': 0.05}",0.4833
A6_gbm_fusion,0,3,"{'n_estimators': 100, 'max_depth': 2, 'lr': 0.1}",0.4781
A6_gbm_fusion,0,3,"{'n_estimators': 100, 'max_depth': 3, 'lr': 0.01}",0.4784
A6_gbm_fusion,0,3,"{'n_estimators': 100, 'max_depth': 3, 'lr': 0.05}",0.4791
A6_gbm_fusion,0,3,"{'n_estimators': 100, 'max_depth': 3, 'lr': 0.1}",0.4782
A6_gbm_fusion,0,3,"{'n_estimators': 100, 'max_depth': 5, 'lr': 0.01}",0.4859
A6_gbm_fusion,0,3,"{'n_estimators': 100, 'max_depth': 5, 'lr': 0.05}",0.4915
A6_gbm_fusion,0,3,"{'n_estimators': 100, 'max_depth': 5, 'lr': 0.1}",0.4574
A6_gbm_fusion,0,3,"{'n_estimators': 300, 'max_depth': 2, 'lr': 0.01}",0.4703
A6_gbm_fusion,0,3,"{'n_estimators': 300, 'max_depth': 2, 'lr': 0.05}",0.4951
A6_gbm_fusion,0,3,"{'n_estimators': 300, 'max_depth': 2, 'lr': 0.1}",0.4812
A6_gbm_fusion,0,3,"{'n_estimators': 300, 'max_depth': 3, 'lr': 0.01}",0.4917
A6_gbm_fusion,0,3,"{'n_estimators': 300, 'max_depth': 3, 'lr': 0.05}",0.4841
A6_gbm_fusion,0,3,"{'n_estimators': 300, 'max_depth': 3, 'lr': 0.1}",0.4614
A6_gbm_fusion,0,3,"{'n_estimators': 300, 'max_depth': 5, 'lr': 0.01}",0.4939
A6_gbm_fusion,0,3,"{'n_estimators': 300, 'max_depth': 5, 'lr': 0.05}",0.4508
A6_gbm_fusion,0,3,"{'n_estimators': 300, 'max_depth': 5, 'lr': 0.1}",0.3698
A6_gbm_fusion,0,4,"{'n_estimators': 100, 'max_depth': 2, 'lr': 0.01}",0.4989
A6_gbm_fusion,0,4,"{'n_estimators': 100, 'max_depth': 2, 'lr': 0.05}",0.5004
A6_gbm_fusion,0,4,"{'n_estimators': 100, 'max_depth': 2, 'lr': 0.1}",0.5036
A6_gbm_fusion,0,4,"{'n_estimators': 100, 'max_depth': 3, 'lr': 0.01}",0.4990
A6_gbm_fusion,0,4,"{'n_estimators': 100, 'max_depth': 3, 'lr': 0.05}",0.5078
A6_gbm_fusion,0,4,"{'n_estimators': 100, 'max_depth': 3, 'lr': 0.1}",0.4726
A6_gbm_fusion,0,4,"{'n_estimators': 100, 'max_depth': 5, 'lr': 0.01}",0.5111
A6_gbm_fusion,0,4,"{'n_estimators': 100, 'max_depth': 5, 'lr': 0.05}",0.5007
A6_gbm_fusion,0,4,"{'n_estimators': 100, 'max_depth': 5, 'lr': 0.1}",0.4437
A6_gbm_fusion,0,4,"{'n_estimators': 300, 'max_depth': 2, 'lr': 0.01}",0.5033
A6_gbm_fusion,0,4,"{'n_estimators': 300, 'max_depth': 2, 'lr': 0.05}",0.4818
A6_gbm_fusion,0,4,"{'n_estimators': 300, 'max_depth': 2, 'lr': 0.1}",0.4632
A6_gbm_fusion,0,4,"{'n_estimators': 300, 'max_depth': 3, 'lr': 0.01}",0.5039
A6_gbm_fusion,0,4,"{'n_estimators': 300, 'max_depth': 3, 'lr': 0.05}",0.4854
A6_gbm_fusion,0,4,"{'n_estimators': 300, 'max_depth': 3, 'lr': 0.1}",0.4610
A6_gbm_fusion,0,4,"{'n_estimators': 300, 'max_depth': 5, 'lr': 0.01}",0.4991
A6_gbm_fusion,0,4,"{'n_estimators': 300, 'max_depth': 5, 'lr': 0.05}",0.4469
A6_gbm_fusion,0,4,"{'n_estimators': 300, 'max_depth': 5, 'lr': 0.1}",0.3970
A6_gbm_fusion,1,0,"{'n_estimators': 100, 'max_depth': 2, 'lr': 0.01}",0.4753
A6_gbm_fusion,1,0,"{'n_estimators': 100, 'max_depth': 2, 'lr': 0.05}",0.4724
A6_gbm_fusion,1,0,"{'n_estimators': 100, 'max_depth': 2, 'lr': 0.1}",0.4719
A6_gbm_fusion,1,0,"{'n_estimators': 100, 'max_depth': 3, 'lr': 0.01}",0.4801
A6_gbm_fusion,1,0,"{'n_estimators': 100, 'max_depth': 3, 'lr': 0.05}",0.4876
A6_gbm_fusion,1,0,"{'n_estimators': 100, 'max_depth': 3, 'lr': 0.1}",0.4823
A6_gbm_fusion,1,0,"{'n_estimators': 100, 'max_depth': 5, 'lr': 0.01}",0.4834
A6_gbm_fusion,1,0,"{'n_estimators': 100, 'max_depth': 5, 'lr': 0.05}",0.5041
A6_gbm_fusion,1,0,"{'n_estimators': 100, 'max_depth': 5, 'lr': 0.1}",0.4310
A6_gbm_fusion,1,0,"{'n_estimators': 300, 'max_depth': 2, 'lr': 0.01}",0.4877
A6_gbm_fusion,1,0,"{'n_estimators': 300, 'max_depth': 2, 'lr': 0.05}",0.4760
A6_gbm_fusion,1,0,"{'n_estimators': 300, 'max_depth': 2, 'lr': 0.1}",0.4742
A6_gbm_fusion,1,0,"{'n_estimators': 300, 'max_depth': 3, 'lr': 0.01}",0.4923
A6_gbm_fusion,1,0,"{'n_estimators': 300, 'max_depth': 3, 'lr': 0.05}",0.4831
A6_gbm_fusion,1,0,"{'n_estimators': 300, 'max_depth': 3, 'lr': 0.1}",0.4695
A6_gbm_fusion,1,0,"{'n_estimators': 300, 'max_depth': 5, 'lr': 0.01}",0.4929
A6_gbm_fusion,1,0,"{'n_estimators': 300, 'max_depth': 5, 'lr': 0.05}",0.4493
A6_gbm_fusion,1,0,"{'n_estimators': 300, 'max_depth': 5, 'lr': 0.1}",0.4044
A6_gbm_fusion,1,1,"{'n_estimators': 100, 'max_depth': 2, 'lr': 0.01}",0.4620
A6_gbm_fusion,1,1,"{'n_estimators': 100, 'max_depth': 2, 'lr': 0.05}",0.4673
A6_gbm_fusion,1,1,"{'n_estimators': 100, 'max_depth': 2, 'lr': 0.1}",0.4699
A6_gbm_fusion,1,1,"{'n_estimators': 100, 'max_depth': 3, 'lr': 0.01}",0.4782
A6_gbm_fusion,1,1,"{'n_estimators': 100, 'max_depth': 3, 'lr': 0.05}",0.4741
A6_gbm_fusion,1,1,"{'n_estimators': 100, 'max_depth': 3, 'lr': 0.1}",0.4759
A6_gbm_fusion,1,1,"{'n_estimators': 100, 'max_depth': 5, 'lr': 0.01}",0.4701
A6_gbm_fusion,1,1,"{'n_estimators': 100, 'max_depth': 5, 'lr': 0.05}",0.4680
A6_gbm_fusion,1,1,"{'n_estimators': 100, 'max_depth': 5, 'lr': 0.1}",0.4171
A6_gbm_fusion,1,1,"{'n_estimators': 300, 'max_depth': 2, 'lr': 0.01}",0.4728
A6_gbm_fusion,1,1,"{'n_estimators': 300, 'max_depth': 2, 'lr': 0.05}",0.4661
A6_gbm_fusion,1,1,"{'n_estimators': 300, 'max_depth': 2, 'lr': 0.1}",0.4445
A6_gbm_fusion,1,1,"{'n_estimators': 300, 'max_depth': 3, 'lr': 0.01}",0.4839
A6_gbm_fusion,1,1,"{'n_estimators': 300, 'max_depth': 3, 'lr': 0.05}",0.4464
A6_gbm_fusion,1,1,"{'n_estimators': 300, 'max_depth': 3, 'lr': 0.1}",0.4528
A6_gbm_fusion,1,1,"{'n_estimators': 300, 'max_depth': 5, 'lr': 0.01}",0.4788
A6_gbm_fusion,1,1,"{'n_estimators': 300, 'max_depth': 5, 'lr': 0.05}",0.3690
A6_gbm_fusion,1,1,"{'n_estimators': 300, 'max_depth': 5, 'lr': 0.1}",0.3087
A6_gbm_fusion,1,2,"{'n_estimators': 100, 'max_depth': 2, 'lr': 0.01}",0.4252
A6_gbm_fusion,1,2,"{'n_estimators': 100, 'max_depth': 2, 'lr': 0.05}",0.4328
A6_gbm_fusion,1,2,"{'n_estimators': 100, 'max_depth': 2, 'lr': 0.1}",0.4284
A6_gbm_fusion,1,2,"{'n_estimators': 100, 'max_depth': 3, 'lr': 0.01}",0.4391
A6_gbm_fusion,1,2,"{'n_estimators': 100, 'max_depth': 3, 'lr': 0.05}",0.4373
A6_gbm_fusion,1,2,"{'n_estimators': 100, 'max_depth': 3, 'lr': 0.1}",0.4471
A6_gbm_fusion,1,2,"{'n_estimators': 100, 'max_depth': 5, 'lr': 0.01}",0.4444
A6_gbm_fusion,1,2,"{'n_estimators': 100, 'max_depth': 5, 'lr': 0.05}",0.4421
A6_gbm_fusion,1,2,"{'n_estimators': 100, 'max_depth': 5, 'lr': 0.1}",0.3966
A6_gbm_fusion,1,2,"{'n_estimators': 300, 'max_depth': 2, 'lr': 0.01}",0.4364
A6_gbm_fusion,1,2,"{'n_estimators': 300, 'max_depth': 2, 'lr': 0.05}",0.4438
A6_gbm_fusion,1,2,"{'n_estimators': 300, 'max_depth': 2, 'lr': 0.1}",0.4245
A6_gbm_fusion,1,2,"{'n_estimators': 300, 'max_depth': 3, 'lr': 0.01}",0.4451
A6_gbm_fusion,1,2,"{'n_estimators': 300, 'max_depth': 3, 'lr': 0.05}",0.4352
A6_gbm_fusion,1,2,"{'n_estimators': 300, 'max_depth': 3, 'lr': 0.1}",0.4006
A6_gbm_fusion,1,2,"{'n_estimators': 300, 'max_depth': 5, 'lr': 0.01}",0.4517
A6_gbm_fusion,1,2,"{'n_estimators': 300, 'max_depth': 5, 'lr': 0.05}",0.3633
A6_gbm_fusion,1,2,"{'n_estimators': 300, 'max_depth': 5, 'lr': 0.1}",0.3021
A6_gbm_fusion,1,3,"{'n_estimators': 100, 'max_depth': 2, 'lr': 0.01}",0.4873
A6_gbm_fusion,1,3,"{'n_estimators': 100, 'max_depth': 2, 'lr': 0.05}",0.4862
A6_gbm_fusion,1,3,"{'n_estimators': 100, 'max_depth': 2, 'lr': 0.1}",0.4915
A6_gbm_fusion,1,3,"{'n_estimators': 100, 'max_depth': 3, 'lr': 0.01}",0.4821
A6_gbm_fusion,1,3,"{'n_estimators': 100, 'max_depth': 3, 'lr': 0.05}",0.4931
A6_gbm_fusion,1,3,"{'n_estimators': 100, 'max_depth': 3, 'lr': 0.1}",0.4757
A6_gbm_fusion,1,3,"{'n_estimators': 100, 'max_depth': 5, 'lr': 0.01}",0.4962
A6_gbm_fusion,1,3,"{'n_estimators': 100, 'max_depth': 5, 'lr': 0.05}",0.4868
A6_gbm_fusion,1,3,"{'n_estimators': 100, 'max_depth': 5, 'lr': 0.1}",0.4444
A6_gbm_fusion,1,3,"{'n_estimators': 300, 'max_depth': 2, 'lr': 0.01}",0.4925
A6_gbm_fusion,1,3,"{'n_estimators': 300, 'max_depth': 2, 'lr': 0.05}",0.4975
A6_gbm_fusion,1,3,"{'n_estimators': 300, 'max_depth': 2, 'lr': 0.1}",0.4627
A6_gbm_fusion,1,3,"{'n_estimators': 300, 'max_depth': 3, 'lr': 0.01}",0.4934
A6_gbm_fusion,1,3,"{'n_estimators': 300, 'max_depth': 3, 'lr': 0.05}",0.4843
A6_gbm_fusion,1,3,"{'n_estimators': 300, 'max_depth': 3, 'lr': 0.1}",0.4692
A6_gbm_fusion,1,3,"{'n_estimators': 300, 'max_depth': 5, 'lr': 0.01}",0.5023
A6_gbm_fusion,1,3,"{'n_estimators': 300, 'max_depth': 5, 'lr': 0.05}",0.4374
A6_gbm_fusion,1,3,"{'n_estimators': 300, 'max_depth': 5, 'lr': 0.1}",0.3610
A6_gbm_fusion,1,4,"{'n_estimators': 100, 'max_depth': 2, 'lr': 0.01}",0.4571
A6_gbm_fusion,1,4,"{'n_estimators': 100, 'max_depth': 2, 'lr': 0.05}",0.4633
A6_gbm_fusion,1,4,"{'n_estimators': 100, 'max_depth': 2, 'lr': 0.1}",0.4565
A6_gbm_fusion,1,4,"{'n_estimators': 100, 'max_depth': 3, 'lr': 0.01}",0.4385
A6_gbm_fusion,1,4,"{'n_estimators': 100, 'max_depth': 3, 'lr': 0.05}",0.4559
A6_gbm_fusion,1,4,"{'n_estimators': 100, 'max_depth': 3, 'lr': 0.1}",0.4609
A6_gbm_fusion,1,4,"{'n_estimators': 100, 'max_depth': 5, 'lr': 0.01}",0.4501
A6_gbm_fusion,1,4,"{'n_estimators': 100, 'max_depth': 5, 'lr': 0.05}",0.4416
A6_gbm_fusion,1,4,"{'n_estimators': 100, 'max_depth': 5, 'lr': 0.1}",0.4185
A6_gbm_fusion,1,4,"{'n_estimators': 300, 'max_depth': 2, 'lr': 0.01}",0.4611
A6_gbm_fusion,1,4,"{'n_estimators': 300, 'max_depth': 2, 'lr': 0.05}",0.4574
A6_gbm_fusion,1,4,"{'n_estimators': 300, 'max_depth': 2, 'lr': 0.1}",0.4280
A6_gbm_fusion,1,4,"{'n_estimators': 300, 'max_depth': 3, 'lr': 0.01}",0.4631
A6_gbm_fusion,1,4,"{'n_estimators': 300, 'max_depth': 3, 'lr': 0.05}",0.4432
A6_gbm_fusion,1,4,"{'n_estimators': 300, 'max_depth': 3, 'lr': 0.1}",0.4165
A6_gbm_fusion,1,4,"{'n_estimators': 300, 'max_depth': 5, 'lr': 0.01}",0.4631
A6_gbm_fusion,1,4,"{'n_estimators': 300, 'max_depth': 5, 'lr': 0.05}",0.4138
A6_gbm_fusion,1,4,"{'n_estimators': 300, 'max_depth': 5, 'lr': 0.1}",0.3590
A6_gbm_fusion,2,0,"{'n_estimators': 100, 'max_depth': 2, 'lr': 0.01}",0.4339
A6_gbm_fusion,2,0,"{'n_estimators': 100, 'max_depth': 2, 'lr': 0.05}",0.4424
A6_gbm_fusion,2,0,"{'n_estimators': 100, 'max_depth': 2, 'lr': 0.1}",0.4533
A6_gbm_fusion,2,0,"{'n_estimators': 100, 'max_depth': 3, 'lr': 0.01}",0.4309
A6_gbm_fusion,2,0,"{'n_estimators': 100, 'max_depth': 3, 'lr': 0.05}",0.4368
A6_gbm_fusion,2,0,"{'n_estimators': 100, 'max_depth': 3, 'lr': 0.1}",0.4308
A6_gbm_fusion,2,0,"{'n_estimators': 100, 'max_depth': 5, 'lr': 0.01}",0.4351
A6_gbm_fusion,2,0,"{'n_estimators': 100, 'max_depth': 5, 'lr': 0.05}",0.4375
A6_gbm_fusion,2,0,"{'n_estimators': 100, 'max_depth': 5, 'lr': 0.1}",0.3707
A6_gbm_fusion,2,0,"{'n_estimators': 300, 'max_depth': 2, 'lr': 0.01}",0.4472
A6_gbm_fusion,2,0,"{'n_estimators': 300, 'max_depth': 2, 'lr': 0.05}",0.4419
A6_gbm_fusion,2,0,"{'n_estimators': 300, 'max_depth': 2, 'lr': 0.1}",0.4270
A6_gbm_fusion,2,0,"{'n_estimators': 300, 'max_depth': 3, 'lr': 0.01}",0.4503
A6_gbm_fusion,2,0,"{'n_estimators': 300, 'max_depth': 3, 'lr': 0.05}",0.4064
A6_gbm_fusion,2,0,"{'n_estimators': 300, 'max_depth': 3, 'lr': 0.1}",0.3745
A6_gbm_fusion,2,0,"{'n_estimators': 300, 'max_depth': 5, 'lr': 0.01}",0.4477
A6_gbm_fusion,2,0,"{'n_estimators': 300, 'max_depth': 5, 'lr': 0.05}",0.3795
A6_gbm_fusion,2,0,"{'n_estimators': 300, 'max_depth': 5, 'lr': 0.1}",0.3233
A6_gbm_fusion,2,1,"{'n_estimators': 100, 'max_depth': 2, 'lr': 0.01}",0.4518
A6_gbm_fusion,2,1,"{'n_estimators': 100, 'max_depth': 2, 'lr': 0.05}",0.4699
A6_gbm_fusion,2,1,"{'n_estimators': 100, 'max_depth': 2, 'lr': 0.1}",0.4715
A6_gbm_fusion,2,1,"{'n_estimators': 100, 'max_depth': 3, 'lr': 0.01}",0.4624
A6_gbm_fusion,2,1,"{'n_estimators': 100, 'max_depth': 3, 'lr': 0.05}",0.4684
A6_gbm_fusion,2,1,"{'n_estimators': 100, 'max_depth': 3, 'lr': 0.1}",0.4674
A6_gbm_fusion,2,1,"{'n_estimators': 100, 'max_depth': 5, 'lr': 0.01}",0.4686
A6_gbm_fusion,2,1,"{'n_estimators': 100, 'max_depth': 5, 'lr': 0.05}",0.4520
A6_gbm_fusion,2,1,"{'n_estimators': 100, 'max_depth': 5, 'lr': 0.1}",0.3735
A6_gbm_fusion,2,1,"{'n_estimators': 300, 'max_depth': 2, 'lr': 0.01}",0.4728
A6_gbm_fusion,2,1,"{'n_estimators': 300, 'max_depth': 2, 'lr': 0.05}",0.4730
A6_gbm_fusion,2,1,"{'n_estimators': 300, 'max_depth': 2, 'lr': 0.1}",0.4659
A6_gbm_fusion,2,1,"{'n_estimators': 300, 'max_depth': 3, 'lr': 0.01}",0.4739
A6_gbm_fusion,2,1,"{'n_estimators': 300, 'max_depth': 3, 'lr': 0.05}",0.4575
A6_gbm_fusion,2,1,"{'n_estimators': 300, 'max_depth': 3, 'lr': 0.1}",0.4548
A6_gbm_fusion,2,1,"{'n_estimators': 300, 'max_depth': 5, 'lr': 0.01}",0.4765
A6_gbm_fusion,2,1,"{'n_estimators': 300, 'max_depth': 5, 'lr': 0.05}",0.4118
A6_gbm_fusion,2,1,"{'n_estimators': 300, 'max_depth': 5, 'lr': 0.1}",0.3512
A6_gbm_fusion,2,2,"{'n_estimators': 100, 'max_depth': 2, 'lr': 0.01}",0.4617
A6_gbm_fusion,2,2,"{'n_estimators': 100, 'max_depth': 2, 'lr': 0.05}",0.4696
A6_gbm_fusion,2,2,"{'n_estimators': 100, 'max_depth': 2, 'lr': 0.1}",0.4758
A6_gbm_fusion,2,2,"{'n_estimators': 100, 'max_depth': 3, 'lr': 0.01}",0.4718
A6_gbm_fusion,2,2,"{'n_estimators': 100, 'max_depth': 3, 'lr': 0.05}",0.4670
A6_gbm_fusion,2,2,"{'n_estimators': 100, 'max_depth': 3, 'lr': 0.1}",0.4845
A6_gbm_fusion,2,2,"{'n_estimators': 100, 'max_depth': 5, 'lr': 0.01}",0.4803
A6_gbm_fusion,2,2,"{'n_estimators': 100, 'max_depth': 5, 'lr': 0.05}",0.4804
A6_gbm_fusion,2,2,"{'n_estimators': 100, 'max_depth': 5, 'lr': 0.1}",0.4405
A6_gbm_fusion,2,2,"{'n_estimators': 300, 'max_depth': 2, 'lr': 0.01}",0.4680
A6_gbm_fusion,2,2,"{'n_estimators': 300, 'max_depth': 2, 'lr': 0.05}",0.4750
A6_gbm_fusion,2,2,"{'n_estimators': 300, 'max_depth': 2, 'lr': 0.1}",0.4775
A6_gbm_fusion,2,2,"{'n_estimators': 300, 'max_depth': 3, 'lr': 0.01}",0.4737
A6_gbm_fusion,2,2,"{'n_estimators': 300, 'max_depth': 3, 'lr': 0.05}",0.4517
A6_gbm_fusion,2,2,"{'n_estimators': 300, 'max_depth': 3, 'lr': 0.1}",0.4385
A6_gbm_fusion,2,2,"{'n_estimators': 300, 'max_depth': 5, 'lr': 0.01}",0.4707
A6_gbm_fusion,2,2,"{'n_estimators': 300, 'max_depth': 5, 'lr': 0.05}",0.4225
A6_gbm_fusion,2,2,"{'n_estimators': 300, 'max_depth': 5, 'lr': 0.1}",0.3297
A6_gbm_fusion,2,3,"{'n_estimators': 100, 'max_depth': 2, 'lr': 0.01}",0.4892
A6_gbm_fusion,2,3,"{'n_estimators': 100, 'max_depth': 2, 'lr': 0.05}",0.5068
A6_gbm_fusion,2,3,"{'n_estimators': 100, 'max_depth': 2, 'lr': 0.1}",0.5079
A6_gbm_fusion,2,3,"{'n_estimators': 100, 'max_depth': 3, 'lr': 0.01}",0.5061
A6_gbm_fusion,2,3,"{'n_estimators': 100, 'max_depth': 3, 'lr': 0.05}",0.5105
A6_gbm_fusion,2,3,"{'n_estimators': 100, 'max_depth': 3, 'lr': 0.1}",0.4863
A6_gbm_fusion,2,3,"{'n_estimators': 100, 'max_depth': 5, 'lr': 0.01}",0.5130
A6_gbm_fusion,2,3,"{'n_estimators': 100, 'max_depth': 5, 'lr': 0.05}",0.4842
A6_gbm_fusion,2,3,"{'n_estimators': 100, 'max_depth': 5, 'lr': 0.1}",0.4747
A6_gbm_fusion,2,3,"{'n_estimators': 300, 'max_depth': 2, 'lr': 0.01}",0.4963
A6_gbm_fusion,2,3,"{'n_estimators': 300, 'max_depth': 2, 'lr': 0.05}",0.5223
A6_gbm_fusion,2,3,"{'n_estimators': 300, 'max_depth': 2, 'lr': 0.1}",0.4992
A6_gbm_fusion,2,3,"{'n_estimators': 300, 'max_depth': 3, 'lr': 0.01}",0.5198
A6_gbm_fusion,2,3,"{'n_estimators': 300, 'max_depth': 3, 'lr': 0.05}",0.5026
A6_gbm_fusion,2,3,"{'n_estimators': 300, 'max_depth': 3, 'lr': 0.1}",0.4944
A6_gbm_fusion,2,3,"{'n_estimators': 300, 'max_depth': 5, 'lr': 0.01}",0.5078
A6_gbm_fusion,2,3,"{'n_estimators': 300, 'max_depth': 5, 'lr': 0.05}",0.4465
A6_gbm_fusion,2,3,"{'n_estimators': 300, 'max_depth': 5, 'lr': 0.1}",0.4279
A6_gbm_fusion,2,4,"{'n_estimators': 100, 'max_depth': 2, 'lr': 0.01}",0.4501
A6_gbm_fusion,2,4,"{'n_estimators': 100, 'max_depth': 2, 'lr': 0.05}",0.4739
A6_gbm_fusion,2,4,"{'n_estimators': 100, 'max_depth': 2, 'lr': 0.1}",0.4617
A6_gbm_fusion,2,4,"{'n_estimators': 100, 'max_depth': 3, 'lr': 0.01}",0.4485
A6_gbm_fusion,2,4,"{'n_estimators': 100, 'max_depth': 3, 'lr': 0.05}",0.4777
A6_gbm_fusion,2,4,"{'n_estimators': 100, 'max_depth': 3, 'lr': 0.1}",0.4677
A6_gbm_fusion,2,4,"{'n_estimators': 100, 'max_depth': 5, 'lr': 0.01}",0.4836
A6_gbm_fusion,2,4,"{'n_estimators': 100, 'max_depth': 5, 'lr': 0.05}",0.4728
A6_gbm_fusion,2,4,"{'n_estimators': 100, 'max_depth': 5, 'lr': 0.1}",0.3796
A6_gbm_fusion,2,4,"{'n_estimators': 300, 'max_depth': 2, 'lr': 0.01}",0.4598
A6_gbm_fusion,2,4,"{'n_estimators': 300, 'max_depth': 2, 'lr': 0.05}",0.4790
A6_gbm_fusion,2,4,"{'n_estimators': 300, 'max_depth': 2, 'lr': 0.1}",0.4615
A6_gbm_fusion,2,4,"{'n_estimators': 300, 'max_depth': 3, 'lr': 0.01}",0.4549
A6_gbm_fusion,2,4,"{'n_estimators': 300, 'max_depth': 3, 'lr': 0.05}",0.4616
A6_gbm_fusion,2,4,"{'n_estimators': 300, 'max_depth': 3, 'lr': 0.1}",0.4218
A6_gbm_fusion,2,4,"{'n_estimators': 300, 'max_depth': 5, 'lr': 0.01}",0.4856
A6_gbm_fusion,2,4,"{'n_estimators': 300, 'max_depth': 5, 'lr': 0.05}",0.3899
A6_gbm_fusion,2,4,"{'n_estimators': 300, 'max_depth': 5, 'lr': 0.1}",0.3456
A5_bilinear,0,0,"{'rank': 2, 'iters': 1000}",0.0345
A5_bilinear,0,0,"{'rank': 2, 'iters': 5000}",0.0345
A5_bilinear,0,0,"{'rank': 4, 'iters': 1000}",0.0716
A5_bilinear,0,0,"{'rank': 4, 'iters': 5000}",0.0716
A5_bilinear,0,0,"{'rank': 8, 'iters': 1000}",0.0988
A5_bilinear,0,0,"{'rank': 8, 'iters': 5000}",0.0988
A5_bilinear,0,0,"{'rank': 16, 'iters': 1000}",0.1612
A5_bilinear,0,0,"{'rank': 16, 'iters': 5000}",0.1612
A5_bilinear,0,1,"{'rank': 2, 'iters': 1000}",0.0716
A5_bilinear,0,1,"{'rank': 2, 'iters': 5000}",0.0716
A5_bilinear,0,1,"{'rank': 4, 'iters': 1000}",0.0904
A5_bilinear,0,1,"{'rank': 4, 'iters': 5000}",0.0904
A5_bilinear,0,1,"{'rank': 8, 'iters': 1000}",0.1262
A5_bilinear,0,1,"{'rank': 8, 'iters': 5000}",0.1262
A5_bilinear,0,1,"{'rank': 16, 'iters': 1000}",0.1946
A5_bilinear,0,1,"{'rank': 16, 'iters': 5000}",0.1946
A5_bilinear,0,2,"{'rank': 2, 'iters': 1000}",0.0669
A5_bilinear,0,2,"{'rank': 2, 'iters': 5000}",0.0669
A5_bilinear,0,2,"{'rank': 4, 'iters': 1000}",0.0822
A5_bilinear,0,2,"{'rank': 4, 'iters': 5000}",0.0822
A5_bilinear,0,2,"{'rank': 8, 'iters': 1000}",0.1219
A5_bilinear,0,2,"{'rank': 8, 'iters': 5000}",0.1219
A5_bilinear,0,2,"{'rank': 16, 'iters': 1000}",0.1797
A5_bilinear,0,2,"{'rank': 16, 'iters': 5000}",0.1797
A5_bilinear,0,3,"{'rank': 2, 'iters': 1000}",0.0623
A5_bilinear,0,3,"{'rank': 2, 'iters': 5000}",0.0623
A5_bilinear,0,3,"{'rank': 4, 'iters': 1000}",0.0904
A5_bilinear,0,3,"{'rank': 4, 'iters': 5000}",0.0904
A5_bilinear,0,3,"{'rank': 8, 'iters': 1000}",0.1637
A5_bilinear,0,3,"{'rank': 8, 'iters': 5000}",0.1637
A5_bilinear,0,3,"{'rank': 16, 'iters': 1000}",0.2142
A5_bilinear,0,3,"{'rank': 16, 'iters': 5000}",0.2142
A5_bilinear,0,4,"{'rank': 2, 'iters': 1000}",0.0455
A5_bilinear,0,4,"{'rank': 2, 'iters': 5000}",0.0455
A5_bilinear,0,4,"{'rank': 4, 'iters': 1000}",0.0921
A5_bilinear,0,4,"{'rank': 4, 'iters': 5000}",0.0921
A5_bilinear,0,4,"{'rank': 8, 'iters': 1000}",0.1544
A5_bilinear,0,4,"{'rank': 8, 'iters': 5000}",0.1544
A5_bilinear,0,4,"{'rank': 16, 'iters': 1000}",0.2244
A5_bilinear,0,4,"{'rank': 16, 'iters': 5000}",0.2244
A5_bilinear,1,0,"{'rank': 2, 'iters': 1000}",0.0567
A5_bilinear,1,0,"{'rank': 2, 'iters': 5000}",0.0567
A5_bilinear,1,0,"{'rank': 4, 'iters': 1000}",0.0870
A5_bilinear,1,0,"{'rank': 4, 'iters': 5000}",0.0870
A5_bilinear,1,0,"{'rank': 8, 'iters': 1000}",0.1165
A5_bilinear,1,0,"{'rank': 8, 'iters': 5000}",0.1165
A5_bilinear,1,0,"{'rank': 16, 'iters': 1000}",0.2184
A5_bilinear,1,0,"{'rank': 16, 'iters': 5000}",0.2184
A5_bilinear,1,1,"{'rank': 2, 'iters': 1000}",0.0734
A5_bilinear,1,1,"{'rank': 2, 'iters': 5000}",0.0734
A5_bilinear,1,1,"{'rank': 4, 'iters': 1000}",0.0855
A5_bilinear,1,1,"{'rank': 4, 'iters': 5000}",0.0855
A5_bilinear,1,1,"{'rank': 8, 'iters': 1000}",0.1295
A5_bilinear,1,1,"{'rank': 8, 'iters': 5000}",0.1295
A5_bilinear,1,1,"{'rank': 16, 'iters': 1000}",0.2090
A5_bilinear,1,1,"{'rank': 16, 'iters': 5000}",0.2090
A5_bilinear,1,2,"{'rank': 2, 'iters': 1000}",0.0578
A5_bilinear,1,2,"{'rank': 2, 'iters': 5000}",0.0578
A5_bilinear,1,2,"{'rank': 4, 'iters': 1000}",0.0804
A5_bilinear,1,2,"{'rank': 4, 'iters': 5000}",0.0804
A5_bilinear,1,2,"{'rank': 8, 'iters': 1000}",0.1374
A5_bilinear,1,2,"{'rank': 8, 'iters': 5000}",0.1374
A5_bilinear,1,2,"{'rank': 16, 'iters': 1000}",0.1779
A5_bilinear,1,2,"{'rank': 16, 'iters': 5000}",0.1779
A5_bilinear,1,3,"{'rank': 2, 'iters': 1000}",0.0670
A5_bilinear,1,3,"{'rank': 2, 'iters': 5000}",0.0670
A5_bilinear,1,3,"{'rank': 4, 'iters': 1000}",0.0813
A5_bilinear,1,3,"{'rank': 4, 'iters': 5000}",0.0813
A5_bilinear,1,3,"{'rank': 8, 'iters': 1000}",0.1456
A5_bilinear,1,3,"{'rank': 8, 'iters': 5000}",0.1456
A5_bilinear,1,3,"{'rank': 16, 'iters': 1000}",0.2157
A5_bilinear,1,3,"{'rank': 16, 'iters': 5000}",0.2157
A5_bilinear,1,4,"{'rank': 2, 'iters': 1000}",0.0437
A5_bilinear,1,4,"{'rank': 2, 'iters': 5000}",0.0437
A5_bilinear,1,4,"{'rank': 4, 'iters': 1000}",0.0666
A5_bilinear,1,4,"{'rank': 4, 'iters': 5000}",0.0666
A5_bilinear,1,4,"{'rank': 8, 'iters': 1000}",0.1328
A5_bilinear,1,4,"{'rank': 8, 'iters': 5000}",0.1328
A5_bilinear,1,4,"{'rank': 16, 'iters': 1000}",0.1726
A5_bilinear,1,4,"{'rank': 16, 'iters': 5000}",0.1726
A5_bilinear,2,0,"{'rank': 2, 'iters': 1000}",0.0516
A5_bilinear,2,0,"{'rank': 2, 'iters': 5000}",0.0516
A5_bilinear,2,0,"{'rank': 4, 'iters': 1000}",0.0705
A5_bilinear,2,0,"{'rank': 4, 'iters': 5000}",0.0705
A5_bilinear,2,0,"{'rank': 8, 'iters': 1000}",0.1249
A5_bilinear,2,0,"{'rank': 8, 'iters': 5000}",0.1249
A5_bilinear,2,0,"{'rank': 16, 'iters': 1000}",0.1561
A5_bilinear,2,0,"{'rank': 16, 'iters': 5000}",0.1561
A5_bilinear,2,1,"{'rank': 2, 'iters': 1000}",0.0578
A5_bilinear,2,1,"{'rank': 2, 'iters': 5000}",0.0578
A5_bilinear,2,1,"{'rank': 4, 'iters': 1000}",0.0812
A5_bilinear,2,1,"{'rank': 4, 'iters': 5000}",0.0812
A5_bilinear,2,1,"{'rank': 8, 'iters': 1000}",0.1578
A5_bilinear,2,1,"{'rank': 8, 'iters': 5000}",0.1578
A5_bilinear,2,1,"{'rank': 16, 'iters': 1000}",0.2013
A5_bilinear,2,1,"{'rank': 16, 'iters': 5000}",0.2013
A5_bilinear,2,2,"{'rank': 2, 'iters': 1000}",0.0668
A5_bilinear,2,2,"{'rank': 2, 'iters': 5000}",0.0668
A5_bilinear,2,2,"{'rank': 4, 'iters': 1000}",0.1013
A5_bilinear,2,2,"{'rank': 4, 'iters': 5000}",0.1013
A5_bilinear,2,2,"{'rank': 8, 'iters': 1000}",0.1744
A5_bilinear,2,2,"{'rank': 8, 'iters': 5000}",0.1744
A5_bilinear,2,2,"{'rank': 16, 'iters': 1000}",0.2207
A5_bilinear,2,2,"{'rank': 16, 'iters': 5000}",0.2207
A5_bilinear,2,3,"{'rank': 2, 'iters': 1000}",0.0622
A5_bilinear,2,3,"{'rank': 2, 'iters': 5000}",0.0622
A5_bilinear,2,3,"{'rank': 4, 'iters': 1000}",0.0850
A5_bilinear,2,3,"{'rank': 4, 'iters': 5000}",0.0850
A5_bilinear,2,3,"{'rank': 8, 'iters': 1000}",0.1374
A5_bilinear,2,3,"{'rank': 8, 'iters': 5000}",0.1374
A5_bilinear,2,3,"{'rank': 16, 'iters': 1000}",0.2021
A5_bilinear,2,3,"{'rank': 16, 'iters': 5000}",0.2021
A5_bilinear,2,4,"{'rank': 2, 'iters': 1000}",0.0580
A5_bilinear,2,4,"{'rank': 2, 'iters': 5000}",0.0580
A5_bilinear,2,4,"{'rank': 4, 'iters': 1000}",0.0598
A5_bilinear,2,4,"{'rank': 4, 'iters': 5000}",0.0598
A5_bilinear,2,4,"{'rank': 8, 'iters': 1000}",0.1519
A5_bilinear,2,4,"{'rank': 8, 'iters': 5000}",0.1519
A5_bilinear,2,4,"{'rank': 16, 'iters': 1000}",0.2048
A5_bilinear,2,4,"{'rank': 16, 'iters': 5000}",0.2048
A2_ppmi_svd,0,0,{'rank': 8},0.1353
A2_ppmi_svd,0,0,{'rank': 16},0.1939
A2_ppmi_svd,0,0,{'rank': 32},0.3767
A2_ppmi_svd,0,0,{'rank': 50},0.4363
A2_ppmi_svd,0,1,{'rank': 8},0.1314
A2_ppmi_svd,0,1,{'rank': 16},0.1889
A2_ppmi_svd,0,1,{'rank': 32},0.3454
A2_ppmi_svd,0,1,{'rank': 50},0.4079
A2_ppmi_svd,0,2,{'rank': 8},0.1552
A2_ppmi_svd,0,2,{'rank': 16},0.2021
A2_ppmi_svd,0,2,{'rank': 32},0.3847
A2_ppmi_svd,0,2,{'rank': 50},0.4484
A2_ppmi_svd,0,3,{'rank': 8},0.1835
A2_ppmi_svd,0,3,{'rank': 16},0.2341
A2_ppmi_svd,0,3,{'rank': 32},0.4176
A2_ppmi_svd,0,3,{'rank': 50},0.4691
A2_ppmi_svd,0,4,{'rank': 8},0.1621
A2_ppmi_svd,0,4,{'rank': 16},0.2089
A2_ppmi_svd,0,4,{'rank': 32},0.3874
A2_ppmi_svd,0,4,{'rank': 50},0.4504
A2_ppmi_svd,1,0,{'rank': 8},0.1610
A2_ppmi_svd,1,0,{'rank': 16},0.2164
A2_ppmi_svd,1,0,{'rank': 32},0.4186
A2_ppmi_svd,1,0,{'rank': 50},0.4731
A2_ppmi_svd,1,1,{'rank': 8},0.1607
A2_ppmi_svd,1,1,{'rank': 16},0.2164
A2_ppmi_svd,1,1,{'rank': 32},0.3716
A2_ppmi_svd,1,1,{'rank': 50},0.4193
A2_ppmi_svd,1,2,{'rank': 8},0.1353
A2_ppmi_svd,1,2,{'rank': 16},0.1697
A2_ppmi_svd,1,2,{'rank': 32},0.3688
A2_ppmi_svd,1,2,{'rank': 50},0.4192
A2_ppmi_svd,1,3,{'rank': 8},0.1563
A2_ppmi_svd,1,3,{'rank': 16},0.2185
A2_ppmi_svd,1,3,{'rank': 32},0.4120
A2_ppmi_svd,1,3,{'rank': 50},0.4697
A2_ppmi_svd,1,4,{'rank': 8},0.1391
A2_ppmi_svd,1,4,{'rank': 16},0.2169
A2_ppmi_svd,1,4,{'rank': 32},0.3887
A2_ppmi_svd,1,4,{'rank': 50},0.4334
A2_ppmi_svd,2,0,{'rank': 8},0.1466
A2_ppmi_svd,2,0,{'rank': 16},0.1992
A2_ppmi_svd,2,0,{'rank': 32},0.3613
A2_ppmi_svd,2,0,{'rank': 50},0.4294
A2_ppmi_svd,2,1,{'rank': 8},0.1564
A2_ppmi_svd,2,1,{'rank': 16},0.1958
A2_ppmi_svd,2,1,{'rank': 32},0.3857
A2_ppmi_svd,2,1,{'rank': 50},0.4525
A2_ppmi_svd,2,2,{'rank': 8},0.1543
A2_ppmi_svd,2,2,{'rank': 16},0.2055
A2_ppmi_svd,2,2,{'rank': 32},0.3650
A2_ppmi_svd,2,2,{'rank': 50},0.4276
A2_ppmi_svd,2,3,{'rank': 8},0.1522
A2_ppmi_svd,2,3,{'rank': 16},0.2182
A2_ppmi_svd,2,3,{'rank': 32},0.4001
A2_ppmi_svd,2,3,{'rank': 50},0.4723
A2_ppmi_svd,2,4,{'rank': 8},0.1407
A2_ppmi_svd,2,4,{'rank': 16},0.2062
A2_ppmi_svd,2,4,{'rank': 32},0.3737
A2_ppmi_svd,2,4,{'rank': 50},0.4385
B5_word2vec,0,0,"{'dim': 8, 'window': 2, 'epochs': 50}",0.1408
B5_word2vec,0,0,"{'dim': 8, 'window': 2, 'epochs': 200}",0.2151
B5_word2vec,0,0,"{'dim': 8, 'window': 5, 'epochs': 50}",0.1709
B5_word2vec,0,0,"{'dim': 8, 'window': 5, 'epochs': 200}",0.2114
B5_word2vec,0,0,"{'dim': 16, 'window': 2, 'epochs': 50}",0.1700
B5_word2vec,0,0,"{'dim': 16, 'window': 2, 'epochs': 200}",0.2999
B5_word2vec,0,0,"{'dim': 16, 'window': 5, 'epochs': 50}",0.1689
B5_word2vec,0,0,"{'dim': 16, 'window': 5, 'epochs': 200}",0.2692
B5_word2vec,0,0,"{'dim': 32, 'window': 2, 'epochs': 50}",0.1815
B5_word2vec,0,0,"{'dim': 32, 'window': 2, 'epochs': 200}",0.3957
B5_word2vec,0,0,"{'dim': 32, 'window': 5, 'epochs': 50}",0.2062
B5_word2vec,0,0,"{'dim': 32, 'window': 5, 'epochs': 200}",0.3732
B5_word2vec,0,0,"{'dim': 64, 'window': 2, 'epochs': 50}",0.1837
B5_word2vec,0,0,"{'dim': 64, 'window': 2, 'epochs': 200}",0.3630
B5_word2vec,0,0,"{'dim': 64, 'window': 5, 'epochs': 50}",0.2011
B5_word2vec,0,0,"{'dim': 64, 'window': 5, 'epochs': 200}",0.3590
B5_word2vec,0,1,"{'dim': 8, 'window': 2, 'epochs': 50}",0.1286
B5_word2vec,0,1,"{'dim': 8, 'window': 2, 'epochs': 200}",0.2090
B5_word2vec,0,1,"{'dim': 8, 'window': 5, 'epochs': 50}",0.1469
B5_word2vec,0,1,"{'dim': 8, 'window': 5, 'epochs': 200}",0.2218
B5_word2vec,0,1,"{'dim': 16, 'window': 2, 'epochs': 50}",0.1686
B5_word2vec,0,1,"{'dim': 16, 'window': 2, 'epochs': 200}",0.2914
B5_word2vec,0,1,"{'dim': 16, 'window': 5, 'epochs': 50}",0.1654
B5_word2vec,0,1,"{'dim': 16, 'window': 5, 'epochs': 200}",0.2796
B5_word2vec,0,1,"{'dim': 32, 'window': 2, 'epochs': 50}",0.1671
B5_word2vec,0,1,"{'dim': 32, 'window': 2, 'epochs': 200}",0.3689
B5_word2vec,0,1,"{'dim': 32, 'window': 5, 'epochs': 50}",0.1896
B5_word2vec,0,1,"{'dim': 32, 'window': 5, 'epochs': 200}",0.3546
B5_word2vec,0,1,"{'dim': 64, 'window': 2, 'epochs': 50}",0.1887
B5_word2vec,0,1,"{'dim': 64, 'window': 2, 'epochs': 200}",0.3536
B5_word2vec,0,1,"{'dim': 64, 'window': 5, 'epochs': 50}",0.1891
B5_word2vec,0,1,"{'dim': 64, 'window': 5, 'epochs': 200}",0.3463
B5_word2vec,0,2,"{'dim': 8, 'window': 2, 'epochs': 50}",0.1373
B5_word2vec,0,2,"{'dim': 8, 'window': 2, 'epochs': 200}",0.2260
B5_word2vec,0,2,"{'dim': 8, 'window': 5, 'epochs': 50}",0.1664
B5_word2vec,0,2,"{'dim': 8, 'window': 5, 'epochs': 200}",0.2304
B5_word2vec,0,2,"{'dim': 16, 'window': 2, 'epochs': 50}",0.1621
B5_word2vec,0,2,"{'dim': 16, 'window': 2, 'epochs': 200}",0.3212
B5_word2vec,0,2,"{'dim': 16, 'window': 5, 'epochs': 50}",0.1566
B5_word2vec,0,2,"{'dim': 16, 'window': 5, 'epochs': 200}",0.2902
B5_word2vec,0,2,"{'dim': 32, 'window': 2, 'epochs': 50}",0.1777
B5_word2vec,0,2,"{'dim': 32, 'window': 2, 'epochs': 200}",0.4073
B5_word2vec,0,2,"{'dim': 32, 'window': 5, 'epochs': 50}",0.1958
B5_word2vec,0,2,"{'dim': 32, 'window': 5, 'epochs': 200}",0.3992
B5_word2vec,0,2,"{'dim': 64, 'window': 2, 'epochs': 50}",0.1924
B5_word2vec,0,2,"{'dim': 64, 'window': 2, 'epochs': 200}",0.3686
B5_word2vec,0,2,"{'dim': 64, 'window': 5, 'epochs': 50}",0.1882
B5_word2vec,0,2,"{'dim': 64, 'window': 5, 'epochs': 200}",0.3848
B5_word2vec,0,3,"{'dim': 8, 'window': 2, 'epochs': 50}",0.1615
B5_word2vec,0,3,"{'dim': 8, 'window': 2, 'epochs': 200}",0.2512
B5_word2vec,0,3,"{'dim': 8, 'window': 5, 'epochs': 50}",0.1867
B5_word2vec,0,3,"{'dim': 8, 'window': 5, 'epochs': 200}",0.2434
B5_word2vec,0,3,"{'dim': 16, 'window': 2, 'epochs': 50}",0.2031
B5_word2vec,0,3,"{'dim': 16, 'window': 2, 'epochs': 200}",0.3259
B5_word2vec,0,3,"{'dim': 16, 'window': 5, 'epochs': 50}",0.1874
B5_word2vec,0,3,"{'dim': 16, 'window': 5, 'epochs': 200}",0.3074
B5_word2vec,0,3,"{'dim': 32, 'window': 2, 'epochs': 50}",0.2107
B5_word2vec,0,3,"{'dim': 32, 'window': 2, 'epochs': 200}",0.4045
B5_word2vec,0,3,"{'dim': 32, 'window': 5, 'epochs': 50}",0.2335
B5_word2vec,0,3,"{'dim': 32, 'window': 5, 'epochs': 200}",0.3851
B5_word2vec,0,3,"{'dim': 64, 'window': 2, 'epochs': 50}",0.2230
B5_word2vec,0,3,"{'dim': 64, 'window': 2, 'epochs': 200}",0.3964
B5_word2vec,0,3,"{'dim': 64, 'window': 5, 'epochs': 50}",0.2304
B5_word2vec,0,3,"{'dim': 64, 'window': 5, 'epochs': 200}",0.3779
B5_word2vec,0,4,"{'dim': 8, 'window': 2, 'epochs': 50}",0.1457
B5_word2vec,0,4,"{'dim': 8, 'window': 2, 'epochs': 200}",0.2347
B5_word2vec,0,4,"{'dim': 8, 'window': 5, 'epochs': 50}",0.1699
B5_word2vec,0,4,"{'dim': 8, 'window': 5, 'epochs': 200}",0.2462
B5_word2vec,0,4,"{'dim': 16, 'window': 2, 'epochs': 50}",0.1873
B5_word2vec,0,4,"{'dim': 16, 'window': 2, 'epochs': 200}",0.3428
B5_word2vec,0,4,"{'dim': 16, 'window': 5, 'epochs': 50}",0.1781
B5_word2vec,0,4,"{'dim': 16, 'window': 5, 'epochs': 200}",0.3301
B5_word2vec,0,4,"{'dim': 32, 'window': 2, 'epochs': 50}",0.1915
B5_word2vec,0,4,"{'dim': 32, 'window': 2, 'epochs': 200}",0.4331
B5_word2vec,0,4,"{'dim': 32, 'window': 5, 'epochs': 50}",0.2162
B5_word2vec,0,4,"{'dim': 32, 'window': 5, 'epochs': 200}",0.4236
B5_word2vec,0,4,"{'dim': 64, 'window': 2, 'epochs': 50}",0.1985
B5_word2vec,0,4,"{'dim': 64, 'window': 2, 'epochs': 200}",0.4044
B5_word2vec,0,4,"{'dim': 64, 'window': 5, 'epochs': 50}",0.2050
B5_word2vec,0,4,"{'dim': 64, 'window': 5, 'epochs': 200}",0.4159
B5_word2vec,1,0,"{'dim': 8, 'window': 2, 'epochs': 50}",0.1448
B5_word2vec,1,0,"{'dim': 8, 'window': 2, 'epochs': 200}",0.2160
B5_word2vec,1,0,"{'dim': 8, 'window': 5, 'epochs': 50}",0.1439
B5_word2vec,1,0,"{'dim': 8, 'window': 5, 'epochs': 200}",0.2140
B5_word2vec,1,0,"{'dim': 16, 'window': 2, 'epochs': 50}",0.1833
B5_word2vec,1,0,"{'dim': 16, 'window': 2, 'epochs': 200}",0.3193
B5_word2vec,1,0,"{'dim': 16, 'window': 5, 'epochs': 50}",0.1876
B5_word2vec,1,0,"{'dim': 16, 'window': 5, 'epochs': 200}",0.3097
B5_word2vec,1,0,"{'dim': 32, 'window': 2, 'epochs': 50}",0.1972
B5_word2vec,1,0,"{'dim': 32, 'window': 2, 'epochs': 200}",0.3591
B5_word2vec,1,0,"{'dim': 32, 'window': 5, 'epochs': 50}",0.1926
B5_word2vec,1,0,"{'dim': 32, 'window': 5, 'epochs': 200}",0.3870
B5_word2vec,1,0,"{'dim': 64, 'window': 2, 'epochs': 50}",0.2281
B5_word2vec,1,0,"{'dim': 64, 'window': 2, 'epochs': 200}",0.3785
B5_word2vec,1,0,"{'dim': 64, 'window': 5, 'epochs': 50}",0.1810
B5_word2vec,1,0,"{'dim': 64, 'window': 5, 'epochs': 200}",0.4228
B5_word2vec,1,1,"{'dim': 8, 'window': 2, 'epochs': 50}",0.1586
B5_word2vec,1,1,"{'dim': 8, 'window': 2, 'epochs': 200}",0.2345
B5_word2vec,1,1,"{'dim': 8, 'window': 5, 'epochs': 50}",0.1542
B5_word2vec,1,1,"{'dim': 8, 'window': 5, 'epochs': 200}",0.2178
B5_word2vec,1,1,"{'dim': 16, 'window': 2, 'epochs': 50}",0.1866
B5_word2vec,1,1,"{'dim': 16, 'window': 2, 'epochs': 200}",0.3177
B5_word2vec,1,1,"{'dim': 16, 'window': 5, 'epochs': 50}",0.2008
B5_word2vec,1,1,"{'dim': 16, 'window': 5, 'epochs': 200}",0.2916
B5_word2vec,1,1,"{'dim': 32, 'window': 2, 'epochs': 50}",0.2001
B5_word2vec,1,1,"{'dim': 32, 'window': 2, 'epochs': 200}",0.3598
B5_word2vec,1,1,"{'dim': 32, 'window': 5, 'epochs': 50}",0.1946
B5_word2vec,1,1,"{'dim': 32, 'window': 5, 'epochs': 200}",0.3745
B5_word2vec,1,1,"{'dim': 64, 'window': 2, 'epochs': 50}",0.2244
B5_word2vec,1,1,"{'dim': 64, 'window': 2, 'epochs': 200}",0.3758
B5_word2vec,1,1,"{'dim': 64, 'window': 5, 'epochs': 50}",0.1849
B5_word2vec,1,1,"{'dim': 64, 'window': 5, 'epochs': 200}",0.4005
B5_word2vec,1,2,"{'dim': 8, 'window': 2, 'epochs': 50}",0.1392
B5_word2vec,1,2,"{'dim': 8, 'window': 2, 'epochs': 200}",0.2091
B5_word2vec,1,2,"{'dim': 8, 'window': 5, 'epochs': 50}",0.1353
B5_word2vec,1,2,"{'dim': 8, 'window': 5, 'epochs': 200}",0.2146
B5_word2vec,1,2,"{'dim': 16, 'window': 2, 'epochs': 50}",0.1795
B5_word2vec,1,2,"{'dim': 16, 'window': 2, 'epochs': 200}",0.2937
B5_word2vec,1,2,"{'dim': 16, 'window': 5, 'epochs': 50}",0.1751
B5_word2vec,1,2,"{'dim': 16, 'window': 5, 'epochs': 200}",0.2745
B5_word2vec,1,2,"{'dim': 32, 'window': 2, 'epochs': 50}",0.1787
B5_word2vec,1,2,"{'dim': 32, 'window': 2, 'epochs': 200}",0.3372
B5_word2vec,1,2,"{'dim': 32, 'window': 5, 'epochs': 50}",0.1789
B5_word2vec,1,2,"{'dim': 32, 'window': 5, 'epochs': 200}",0.3605
B5_word2vec,1,2,"{'dim': 64, 'window': 2, 'epochs': 50}",0.1994
B5_word2vec,1,2,"{'dim': 64, 'window': 2, 'epochs': 200}",0.3569
B5_word2vec,1,2,"{'dim': 64, 'window': 5, 'epochs': 50}",0.1687
B5_word2vec,1,2,"{'dim': 64, 'window': 5, 'epochs': 200}",0.3871
B5_word2vec,1,3,"{'dim': 8, 'window': 2, 'epochs': 50}",0.1405
B5_word2vec,1,3,"{'dim': 8, 'window': 2, 'epochs': 200}",0.2289
B5_word2vec,1,3,"{'dim': 8, 'window': 5, 'epochs': 50}",0.1387
B5_word2vec,1,3,"{'dim': 8, 'window': 5, 'epochs': 200}",0.2177
B5_word2vec,1,3,"{'dim': 16, 'window': 2, 'epochs': 50}",0.1694
B5_word2vec,1,3,"{'dim': 16, 'window': 2, 'epochs': 200}",0.3401
B5_word2vec,1,3,"{'dim': 16, 'window': 5, 'epochs': 50}",0.1790
B5_word2vec,1,3,"{'dim': 16, 'window': 5, 'epochs': 200}",0.3133
B5_word2vec,1,3,"{'dim': 32, 'window': 2, 'epochs': 50}",0.1882
B5_word2vec,1,3,"{'dim': 32, 'window': 2, 'epochs': 200}",0.3842
B5_word2vec,1,3,"{'dim': 32, 'window': 5, 'epochs': 50}",0.1805
B5_word2vec,1,3,"{'dim': 32, 'window': 5, 'epochs': 200}",0.3921
B5_word2vec,1,3,"{'dim': 64, 'window': 2, 'epochs': 50}",0.2209
B5_word2vec,1,3,"{'dim': 64, 'window': 2, 'epochs': 200}",0.3969
B5_word2vec,1,3,"{'dim': 64, 'window': 5, 'epochs': 50}",0.1708
B5_word2vec,1,3,"{'dim': 64, 'window': 5, 'epochs': 200}",0.4199
B5_word2vec,1,4,"{'dim': 8, 'window': 2, 'epochs': 50}",0.1379
B5_word2vec,1,4,"{'dim': 8, 'window': 2, 'epochs': 200}",0.2142
B5_word2vec,1,4,"{'dim': 8, 'window': 5, 'epochs': 50}",0.1305
B5_word2vec,1,4,"{'dim': 8, 'window': 5, 'epochs': 200}",0.1884
B5_word2vec,1,4,"{'dim': 16, 'window': 2, 'epochs': 50}",0.1577
B5_word2vec,1,4,"{'dim': 16, 'window': 2, 'epochs': 200}",0.2973
B5_word2vec,1,4,"{'dim': 16, 'window': 5, 'epochs': 50}",0.1698
B5_word2vec,1,4,"{'dim': 16, 'window': 5, 'epochs': 200}",0.2873
B5_word2vec,1,4,"{'dim': 32, 'window': 2, 'epochs': 50}",0.1812
B5_word2vec,1,4,"{'dim': 32, 'window': 2, 'epochs': 200}",0.3420
B5_word2vec,1,4,"{'dim': 32, 'window': 5, 'epochs': 50}",0.1760
B5_word2vec,1,4,"{'dim': 32, 'window': 5, 'epochs': 200}",0.3515
B5_word2vec,1,4,"{'dim': 64, 'window': 2, 'epochs': 50}",0.1987
B5_word2vec,1,4,"{'dim': 64, 'window': 2, 'epochs': 200}",0.3504
B5_word2vec,1,4,"{'dim': 64, 'window': 5, 'epochs': 50}",0.1698
B5_word2vec,1,4,"{'dim': 64, 'window': 5, 'epochs': 200}",0.3873
B5_word2vec,2,0,"{'dim': 8, 'window': 2, 'epochs': 50}",0.1762
B5_word2vec,2,0,"{'dim': 8, 'window': 2, 'epochs': 200}",0.2056
B5_word2vec,2,0,"{'dim': 8, 'window': 5, 'epochs': 50}",0.1619
B5_word2vec,2,0,"{'dim': 8, 'window': 5, 'epochs': 200}",0.2464
B5_word2vec,2,0,"{'dim': 16, 'window': 2, 'epochs': 50}",0.1836
B5_word2vec,2,0,"{'dim': 16, 'window': 2, 'epochs': 200}",0.2897
B5_word2vec,2,0,"{'dim': 16, 'window': 5, 'epochs': 50}",0.1783
B5_word2vec,2,0,"{'dim': 16, 'window': 5, 'epochs': 200}",0.2806
B5_word2vec,2,0,"{'dim': 32, 'window': 2, 'epochs': 50}",0.2010
B5_word2vec,2,0,"{'dim': 32, 'window': 2, 'epochs': 200}",0.3619
B5_word2vec,2,0,"{'dim': 32, 'window': 5, 'epochs': 50}",0.1987
B5_word2vec,2,0,"{'dim': 32, 'window': 5, 'epochs': 200}",0.3724
B5_word2vec,2,0,"{'dim': 64, 'window': 2, 'epochs': 50}",0.2102
B5_word2vec,2,0,"{'dim': 64, 'window': 2, 'epochs': 200}",0.3620
B5_word2vec,2,0,"{'dim': 64, 'window': 5, 'epochs': 50}",0.1834
B5_word2vec,2,0,"{'dim': 64, 'window': 5, 'epochs': 200}",0.3773
B5_word2vec,2,1,"{'dim': 8, 'window': 2, 'epochs': 50}",0.1892
B5_word2vec,2,1,"{'dim': 8, 'window': 2, 'epochs': 200}",0.2056
B5_word2vec,2,1,"{'dim': 8, 'window': 5, 'epochs': 50}",0.1772
B5_word2vec,2,1,"{'dim': 8, 'window': 5, 'epochs': 200}",0.2418
B5_word2vec,2,1,"{'dim': 16, 'window': 2, 'epochs': 50}",0.1974
B5_word2vec,2,1,"{'dim': 16, 'window': 2, 'epochs': 200}",0.3094
B5_word2vec,2,1,"{'dim': 16, 'window': 5, 'epochs': 50}",0.1817
B5_word2vec,2,1,"{'dim': 16, 'window': 5, 'epochs': 200}",0.3174
B5_word2vec,2,1,"{'dim': 32, 'window': 2, 'epochs': 50}",0.2191
B5_word2vec,2,1,"{'dim': 32, 'window': 2, 'epochs': 200}",0.3775
B5_word2vec,2,1,"{'dim': 32, 'window': 5, 'epochs': 50}",0.2065
B5_word2vec,2,1,"{'dim': 32, 'window': 5, 'epochs': 200}",0.3969
B5_word2vec,2,1,"{'dim': 64, 'window': 2, 'epochs': 50}",0.2203
B5_word2vec,2,1,"{'dim': 64, 'window': 2, 'epochs': 200}",0.3695
B5_word2vec,2,1,"{'dim': 64, 'window': 5, 'epochs': 50}",0.1920
B5_word2vec,2,1,"{'dim': 64, 'window': 5, 'epochs': 200}",0.4120
B5_word2vec,2,2,"{'dim': 8, 'window': 2, 'epochs': 50}",0.1718
B5_word2vec,2,2,"{'dim': 8, 'window': 2, 'epochs': 200}",0.1955
B5_word2vec,2,2,"{'dim': 8, 'window': 5, 'epochs': 50}",0.1699
B5_word2vec,2,2,"{'dim': 8, 'window': 5, 'epochs': 200}",0.2217
B5_word2vec,2,2,"{'dim': 16, 'window': 2, 'epochs': 50}",0.1830
B5_word2vec,2,2,"{'dim': 16, 'window': 2, 'epochs': 200}",0.3044
B5_word2vec,2,2,"{'dim': 16, 'window': 5, 'epochs': 50}",0.1799
B5_word2vec,2,2,"{'dim': 16, 'window': 5, 'epochs': 200}",0.2937
B5_word2vec,2,2,"{'dim': 32, 'window': 2, 'epochs': 50}",0.2227
B5_word2vec,2,2,"{'dim': 32, 'window': 2, 'epochs': 200}",0.3641
B5_word2vec,2,2,"{'dim': 32, 'window': 5, 'epochs': 50}",0.1963
B5_word2vec,2,2,"{'dim': 32, 'window': 5, 'epochs': 200}",0.3864
B5_word2vec,2,2,"{'dim': 64, 'window': 2, 'epochs': 50}",0.2146
B5_word2vec,2,2,"{'dim': 64, 'window': 2, 'epochs': 200}",0.3656
B5_word2vec,2,2,"{'dim': 64, 'window': 5, 'epochs': 50}",0.1789
B5_word2vec,2,2,"{'dim': 64, 'window': 5, 'epochs': 200}",0.3978
B5_word2vec,2,3,"{'dim': 8, 'window': 2, 'epochs': 50}",0.1940
B5_word2vec,2,3,"{'dim': 8, 'window': 2, 'epochs': 200}",0.2239
B5_word2vec,2,3,"{'dim': 8, 'window': 5, 'epochs': 50}",0.1826
B5_word2vec,2,3,"{'dim': 8, 'window': 5, 'epochs': 200}",0.2369
B5_word2vec,2,3,"{'dim': 16, 'window': 2, 'epochs': 50}",0.2032
B5_word2vec,2,3,"{'dim': 16, 'window': 2, 'epochs': 200}",0.3210
B5_word2vec,2,3,"{'dim': 16, 'window': 5, 'epochs': 50}",0.1925
B5_word2vec,2,3,"{'dim': 16, 'window': 5, 'epochs': 200}",0.3237
B5_word2vec,2,3,"{'dim': 32, 'window': 2, 'epochs': 50}",0.2371
B5_word2vec,2,3,"{'dim': 32, 'window': 2, 'epochs': 200}",0.4159
B5_word2vec,2,3,"{'dim': 32, 'window': 5, 'epochs': 50}",0.2277
B5_word2vec,2,3,"{'dim': 32, 'window': 5, 'epochs': 200}",0.4195
B5_word2vec,2,3,"{'dim': 64, 'window': 2, 'epochs': 50}",0.2275
B5_word2vec,2,3,"{'dim': 64, 'window': 2, 'epochs': 200}",0.4085
B5_word2vec,2,3,"{'dim': 64, 'window': 5, 'epochs': 50}",0.1992
B5_word2vec,2,3,"{'dim': 64, 'window': 5, 'epochs': 200}",0.4238
B5_word2vec,2,4,"{'dim': 8, 'window': 2, 'epochs': 50}",0.1793
B5_word2vec,2,4,"{'dim': 8, 'window': 2, 'epochs': 200}",0.2014
B5_word2vec,2,4,"{'dim': 8, 'window': 5, 'epochs': 50}",0.1772
B5_word2vec,2,4,"{'dim': 8, 'window': 5, 'epochs': 200}",0.2228
B5_word2vec,2,4,"{'dim': 16, 'window': 2, 'epochs': 50}",0.1838
B5_word2vec,2,4,"{'dim': 16, 'window': 2, 'epochs': 200}",0.2863
B5_word2vec,2,4,"{'dim': 16, 'window': 5, 'epochs': 50}",0.1794
B5_word2vec,2,4,"{'dim': 16, 'window': 5, 'epochs': 200}",0.2841
B5_word2vec,2,4,"{'dim': 32, 'window': 2, 'epochs': 50}",0.2065
B5_word2vec,2,4,"{'dim': 32, 'window': 2, 'epochs': 200}",0.3768
B5_word2vec,2,4,"{'dim': 32, 'window': 5, 'epochs': 50}",0.2035
B5_word2vec,2,4,"{'dim': 32, 'window': 5, 'epochs': 200}",0.3772
B5_word2vec,2,4,"{'dim': 64, 'window': 2, 'epochs': 50}",0.2046
B5_word2vec,2,4,"{'dim': 64, 'window': 2, 'epochs': 200}",0.3725
B5_word2vec,2,4,"{'dim': 64, 'window': 5, 'epochs': 50}",0.1843
B5_word2vec,2,4,"{'dim': 64, 'window': 5, 'epochs': 200}",0.3886
B6_node2vec,0,0,"{'dim': 8, 'p': 0.25, 'q': 0.25}",0.2106
B6_node2vec,0,0,"{'dim': 8, 'p': 0.25, 'q': 1}",0.2074
B6_node2vec,0,0,"{'dim': 8, 'p': 0.25, 'q': 4}",0.1962
B6_node2vec,0,0,"{'dim': 8, 'p': 1, 'q': 0.25}",0.1766
B6_node2vec,0,0,"{'dim': 8, 'p': 1, 'q': 1}",0.1737
B6_node2vec,0,0,"{'dim': 8, 'p': 1, 'q': 4}",0.1852
B6_node2vec,0,0,"{'dim': 8, 'p': 4, 'q': 0.25}",0.1853
B6_node2vec,0,0,"{'dim': 8, 'p': 4, 'q': 1}",0.1632
B6_node2vec,0,0,"{'dim': 8, 'p': 4, 'q': 4}",0.1855
B6_node2vec,0,0,"{'dim': 16, 'p': 0.25, 'q': 0.25}",0.2954
B6_node2vec,0,0,"{'dim': 16, 'p': 0.25, 'q': 1}",0.3218
B6_node2vec,0,0,"{'dim': 16, 'p': 0.25, 'q': 4}",0.3033
B6_node2vec,0,0,"{'dim': 16, 'p': 1, 'q': 0.25}",0.2634
B6_node2vec,0,0,"{'dim': 16, 'p': 1, 'q': 1}",0.2448
B6_node2vec,0,0,"{'dim': 16, 'p': 1, 'q': 4}",0.2636
B6_node2vec,0,0,"{'dim': 16, 'p': 4, 'q': 0.25}",0.2184
B6_node2vec,0,0,"{'dim': 16, 'p': 4, 'q': 1}",0.2285
B6_node2vec,0,0,"{'dim': 16, 'p': 4, 'q': 4}",0.2555
B6_node2vec,0,0,"{'dim': 32, 'p': 0.25, 'q': 0.25}",0.3139
B6_node2vec,0,0,"{'dim': 32, 'p': 0.25, 'q': 1}",0.3403
B6_node2vec,0,0,"{'dim': 32, 'p': 0.25, 'q': 4}",0.3596
B6_node2vec,0,0,"{'dim': 32, 'p': 1, 'q': 0.25}",0.3312
B6_node2vec,0,0,"{'dim': 32, 'p': 1, 'q': 1}",0.2930
B6_node2vec,0,0,"{'dim': 32, 'p': 1, 'q': 4}",0.3133
B6_node2vec,0,0,"{'dim': 32, 'p': 4, 'q': 0.25}",0.2894
B6_node2vec,0,0,"{'dim': 32, 'p': 4, 'q': 1}",0.2775
B6_node2vec,0,0,"{'dim': 32, 'p': 4, 'q': 4}",0.3112
B6_node2vec,0,0,"{'dim': 64, 'p': 0.25, 'q': 0.25}",0.3073
B6_node2vec,0,0,"{'dim': 64, 'p': 0.25, 'q': 1}",0.3487
B6_node2vec,0,0,"{'dim': 64, 'p': 0.25, 'q': 4}",0.3673
B6_node2vec,0,0,"{'dim': 64, 'p': 1, 'q': 0.25}",0.3289
B6_node2vec,0,0,"{'dim': 64, 'p': 1, 'q': 1}",0.3042
B6_node2vec,0,0,"{'dim': 64, 'p': 1, 'q': 4}",0.2896
B6_node2vec,0,0,"{'dim': 64, 'p': 4, 'q': 0.25}",0.2978
B6_node2vec,0,0,"{'dim': 64, 'p': 4, 'q': 1}",0.2918
B6_node2vec,0,0,"{'dim': 64, 'p': 4, 'q': 4}",0.2986
B6_node2vec,0,1,"{'dim': 8, 'p': 0.25, 'q': 0.25}",0.1974
B6_node2vec,0,1,"{'dim': 8, 'p': 0.25, 'q': 1}",0.2031
B6_node2vec,0,1,"{'dim': 8, 'p': 0.25, 'q': 4}",0.2071
B6_node2vec,0,1,"{'dim': 8, 'p': 1, 'q': 0.25}",0.1661
B6_node2vec,0,1,"{'dim': 8, 'p': 1, 'q': 1}",0.1665
B6_node2vec,0,1,"{'dim': 8, 'p': 1, 'q': 4}",0.1979
B6_node2vec,0,1,"{'dim': 8, 'p': 4, 'q': 0.25}",0.1768
B6_node2vec,0,1,"{'dim': 8, 'p': 4, 'q': 1}",0.1612
B6_node2vec,0,1,"{'dim': 8, 'p': 4, 'q': 4}",0.1794
B6_node2vec,0,1,"{'dim': 16, 'p': 0.25, 'q': 0.25}",0.2738
B6_node2vec,0,1,"{'dim': 16, 'p': 0.25, 'q': 1}",0.2985
B6_node2vec,0,1,"{'dim': 16, 'p': 0.25, 'q': 4}",0.2922
B6_node2vec,0,1,"{'dim': 16, 'p': 1, 'q': 0.25}",0.2257
B6_node2vec,0,1,"{'dim': 16, 'p': 1, 'q': 1}",0.2149
B6_node2vec,0,1,"{'dim': 16, 'p': 1, 'q': 4}",0.2544
B6_node2vec,0,1,"{'dim': 16, 'p': 4, 'q': 0.25}",0.2201
B6_node2vec,0,1,"{'dim': 16, 'p': 4, 'q': 1}",0.2306
B6_node2vec,0,1,"{'dim': 16, 'p': 4, 'q': 4}",0.2545
B6_node2vec,0,1,"{'dim': 32, 'p': 0.25, 'q': 0.25}",0.3006
B6_node2vec,0,1,"{'dim': 32, 'p': 0.25, 'q': 1}",0.3203
B6_node2vec,0,1,"{'dim': 32, 'p': 0.25, 'q': 4}",0.3441
B6_node2vec,0,1,"{'dim': 32, 'p': 1, 'q': 0.25}",0.2999
B6_node2vec,0,1,"{'dim': 32, 'p': 1, 'q': 1}",0.2667
B6_node2vec,0,1,"{'dim': 32, 'p': 1, 'q': 4}",0.3113
B6_node2vec,0,1,"{'dim': 32, 'p': 4, 'q': 0.25}",0.2925
B6_node2vec,0,1,"{'dim': 32, 'p': 4, 'q': 1}",0.2579
B6_node2vec,0,1,"{'dim': 32, 'p': 4, 'q': 4}",0.2957
B6_node2vec,0,1,"{'dim': 64, 'p': 0.25, 'q': 0.25}",0.3006
B6_node2vec,0,1,"{'dim': 64, 'p': 0.25, 'q': 1}",0.3213
B6_node2vec,0,1,"{'dim': 64, 'p': 0.25, 'q': 4}",0.3418
B6_node2vec,0,1,"{'dim': 64, 'p': 1, 'q': 0.25}",0.3019
B6_node2vec,0,1,"{'dim': 64, 'p': 1, 'q': 1}",0.2766
B6_node2vec,0,1,"{'dim': 64, 'p': 1, 'q': 4}",0.2940
B6_node2vec,0,1,"{'dim': 64, 'p': 4, 'q': 0.25}",0.2906
B6_node2vec,0,1,"{'dim': 64, 'p': 4, 'q': 1}",0.2744
B6_node2vec,0,1,"{'dim': 64, 'p': 4, 'q': 4}",0.2805
B6_node2vec,0,2,"{'dim': 8, 'p': 0.25, 'q': 0.25}",0.2232
B6_node2vec,0,2,"{'dim': 8, 'p': 0.25, 'q': 1}",0.2182
B6_node2vec,0,2,"{'dim': 8, 'p': 0.25, 'q': 4}",0.2139
B6_node2vec,0,2,"{'dim': 8, 'p': 1, 'q': 0.25}",0.1710
B6_node2vec,0,2,"{'dim': 8, 'p': 1, 'q': 1}",0.1900
B6_node2vec,0,2,"{'dim': 8, 'p': 1, 'q': 4}",0.2170
B6_node2vec,0,2,"{'dim': 8, 'p': 4, 'q': 0.25}",0.2153
B6_node2vec,0,2,"{'dim': 8, 'p': 4, 'q': 1}",0.1660
B6_node2vec,0,2,"{'dim': 8, 'p': 4, 'q': 4}",0.1949
B6_node2vec,0,2,"{'dim': 16, 'p': 0.25, 'q': 0.25}",0.2852
B6_node2vec,0,2,"{'dim': 16, 'p': 0.25, 'q': 1}",0.3161
B6_node2vec,0,2,"{'dim': 16, 'p': 0.25, 'q': 4}",0.3199
B6_node2vec,0,2,"{'dim': 16, 'p': 1, 'q': 0.25}",0.2789
B6_node2vec,0,2,"{'dim': 16, 'p': 1, 'q': 1}",0.2748
B6_node2vec,0,2,"{'dim': 16, 'p': 1, 'q': 4}",0.2936
B6_node2vec,0,2,"{'dim': 16, 'p': 4, 'q': 0.25}",0.2614
B6_node2vec,0,2,"{'dim': 16, 'p': 4, 'q': 1}",0.2520
B6_node2vec,0,2,"{'dim': 16, 'p': 4, 'q': 4}",0.2873
B6_node2vec,0,2,"{'dim': 32, 'p': 0.25, 'q': 0.25}",0.3223
B6_node2vec,0,2,"{'dim': 32, 'p': 0.25, 'q': 1}",0.3479
B6_node2vec,0,2,"{'dim': 32, 'p': 0.25, 'q': 4}",0.3807
B6_node2vec,0,2,"{'dim': 32, 'p': 1, 'q': 0.25}",0.3398
B6_node2vec,0,2,"{'dim': 32, 'p': 1, 'q': 1}",0.3120
B6_node2vec,0,2,"{'dim': 32, 'p': 1, 'q': 4}",0.3231
B6_node2vec,0,2,"{'dim': 32, 'p': 4, 'q': 0.25}",0.3296
B6_node2vec,0,2,"{'dim': 32, 'p': 4, 'q': 1}",0.3049
B6_node2vec,0,2,"{'dim': 32, 'p': 4, 'q': 4}",0.3332
B6_node2vec,0,2,"{'dim': 64, 'p': 0.25, 'q': 0.25}",0.3111
B6_node2vec,0,2,"{'dim': 64, 'p': 0.25, 'q': 1}",0.3513
B6_node2vec,0,2,"{'dim': 64, 'p': 0.25, 'q': 4}",0.3718
B6_node2vec,0,2,"{'dim': 64, 'p': 1, 'q': 0.25}",0.3450
B6_node2vec,0,2,"{'dim': 64, 'p': 1, 'q': 1}",0.3250
B6_node2vec,0,2,"{'dim': 64, 'p': 1, 'q': 4}",0.3073
B6_node2vec,0,2,"{'dim': 64, 'p': 4, 'q': 0.25}",0.3333
B6_node2vec,0,2,"{'dim': 64, 'p': 4, 'q': 1}",0.3084
B6_node2vec,0,2,"{'dim': 64, 'p': 4, 'q': 4}",0.3274
B6_node2vec,0,3,"{'dim': 8, 'p': 0.25, 'q': 0.25}",0.2427
B6_node2vec,0,3,"{'dim': 8, 'p': 0.25, 'q': 1}",0.2352
B6_node2vec,0,3,"{'dim': 8, 'p': 0.25, 'q': 4}",0.2542
B6_node2vec,0,3,"{'dim': 8, 'p': 1, 'q': 0.25}",0.1934
B6_node2vec,0,3,"{'dim': 8, 'p': 1, 'q': 1}",0.2096
B6_node2vec,0,3,"{'dim': 8, 'p': 1, 'q': 4}",0.2330
B6_node2vec,0,3,"{'dim': 8, 'p': 4, 'q': 0.25}",0.2320
B6_node2vec,0,3,"{'dim': 8, 'p': 4, 'q': 1}",0.1986
B6_node2vec,0,3,"{'dim': 8, 'p': 4, 'q': 4}",0.2122
B6_node2vec,0,3,"{'dim': 16, 'p': 0.25, 'q': 0.25}",0.3340
B6_node2vec,0,3,"{'dim': 16, 'p': 0.25, 'q': 1}",0.3527
B6_node2vec,0,3,"{'dim': 16, 'p': 0.25, 'q': 4}",0.3384
B6_node2vec,0,3,"{'dim': 16, 'p': 1, 'q': 0.25}",0.2984
B6_node2vec,0,3,"{'dim': 16, 'p': 1, 'q': 1}",0.2912
B6_node2vec,0,3,"{'dim': 16, 'p': 1, 'q': 4}",0.3048
B6_node2vec,0,3,"{'dim': 16, 'p': 4, 'q': 0.25}",0.2715
B6_node2vec,0,3,"{'dim': 16, 'p': 4, 'q': 1}",0.2764
B6_node2vec,0,3,"{'dim': 16, 'p': 4, 'q': 4}",0.2985
B6_node2vec,0,3,"{'dim': 32, 'p': 0.25, 'q': 0.25}",0.3759
B6_node2vec,0,3,"{'dim': 32, 'p': 0.25, 'q': 1}",0.3717
B6_node2vec,0,3,"{'dim': 32, 'p': 0.25, 'q': 4}",0.4093
B6_node2vec,0,3,"{'dim': 32, 'p': 1, 'q': 0.25}",0.3627
B6_node2vec,0,3,"{'dim': 32, 'p': 1, 'q': 1}",0.3332
B6_node2vec,0,3,"{'dim': 32, 'p': 1, 'q': 4}",0.3450
B6_node2vec,0,3,"{'dim': 32, 'p': 4, 'q': 0.25}",0.3353
B6_node2vec,0,3,"{'dim': 32, 'p': 4, 'q': 1}",0.3093
B6_node2vec,0,3,"{'dim': 32, 'p': 4, 'q': 4}",0.3514
B6_node2vec,0,3,"{'dim': 64, 'p': 0.25, 'q': 0.25}",0.3665
B6_node2vec,0,3,"{'dim': 64, 'p': 0.25, 'q': 1}",0.3840
B6_node2vec,0,3,"{'dim': 64, 'p': 0.25, 'q': 4}",0.4023
B6_node2vec,0,3,"{'dim': 64, 'p': 1, 'q': 0.25}",0.3601
B6_node2vec,0,3,"{'dim': 64, 'p': 1, 'q': 1}",0.3452
B6_node2vec,0,3,"{'dim': 64, 'p': 1, 'q': 4}",0.3342
B6_node2vec,0,3,"{'dim': 64, 'p': 4, 'q': 0.25}",0.3429
B6_node2vec,0,3,"{'dim': 64, 'p': 4, 'q': 1}",0.3211
B6_node2vec,0,3,"{'dim': 64, 'p': 4, 'q': 4}",0.3366
B6_node2vec,0,4,"{'dim': 8, 'p': 0.25, 'q': 0.25}",0.2226
B6_node2vec,0,4,"{'dim': 8, 'p': 0.25, 'q': 1}",0.2130
B6_node2vec,0,4,"{'dim': 8, 'p': 0.25, 'q': 4}",0.2166
B6_node2vec,0,4,"{'dim': 8, 'p': 1, 'q': 0.25}",0.1694
B6_node2vec,0,4,"{'dim': 8, 'p': 1, 'q': 1}",0.1891
B6_node2vec,0,4,"{'dim': 8, 'p': 1, 'q': 4}",0.2273
B6_node2vec,0,4,"{'dim': 8, 'p': 4, 'q': 0.25}",0.2036
B6_node2vec,0,4,"{'dim': 8, 'p': 4, 'q': 1}",0.1808
B6_node2vec,0,4,"{'dim': 8, 'p': 4, 'q': 4}",0.1933
B6_node2vec,0,4,"{'dim': 16, 'p': 0.25, 'q': 0.25}",0.3142
B6_node2vec,0,4,"{'dim': 16, 'p': 0.25, 'q': 1}",0.3424
B6_node2vec,0,4,"{'dim': 16, 'p': 0.25, 'q': 4}",0.3240
B6_node2vec,0,4,"{'dim': 16, 'p': 1, 'q': 0.25}",0.2694
B6_node2vec,0,4,"{'dim': 16, 'p': 1, 'q': 1}",0.2505
B6_node2vec,0,4,"{'dim': 16, 'p': 1, 'q': 4}",0.3075
B6_node2vec,0,4,"{'dim': 16, 'p': 4, 'q': 0.25}",0.2579
B6_node2vec,0,4,"{'dim': 16, 'p': 4, 'q': 1}",0.2753
B6_node2vec,0,4,"{'dim': 16, 'p': 4, 'q': 4}",0.2878
B6_node2vec,0,4,"{'dim': 32, 'p': 0.25, 'q': 0.25}",0.3557
B6_node2vec,0,4,"{'dim': 32, 'p': 0.25, 'q': 1}",0.3573
B6_node2vec,0,4,"{'dim': 32, 'p': 0.25, 'q': 4}",0.3927
B6_node2vec,0,4,"{'dim': 32, 'p': 1, 'q': 0.25}",0.3416
B6_node2vec,0,4,"{'dim': 32, 'p': 1, 'q': 1}",0.3128
B6_node2vec,0,4,"{'dim': 32, 'p': 1, 'q': 4}",0.3498
B6_node2vec,0,4,"{'dim': 32, 'p': 4, 'q': 0.25}",0.3323
B6_node2vec,0,4,"{'dim': 32, 'p': 4, 'q': 1}",0.3213
B6_node2vec,0,4,"{'dim': 32, 'p': 4, 'q': 4}",0.3458
B6_node2vec,0,4,"{'dim': 64, 'p': 0.25, 'q': 0.25}",0.3454
B6_node2vec,0,4,"{'dim': 64, 'p': 0.25, 'q': 1}",0.3610
B6_node2vec,0,4,"{'dim': 64, 'p': 0.25, 'q': 4}",0.3922
B6_node2vec,0,4,"{'dim': 64, 'p': 1, 'q': 0.25}",0.3501
B6_node2vec,0,4,"{'dim': 64, 'p': 1, 'q': 1}",0.3242
B6_node2vec,0,4,"{'dim': 64, 'p': 1, 'q': 4}",0.3425
B6_node2vec,0,4,"{'dim': 64, 'p': 4, 'q': 0.25}",0.3390
B6_node2vec,0,4,"{'dim': 64, 'p': 4, 'q': 1}",0.3353
B6_node2vec,0,4,"{'dim': 64, 'p': 4, 'q': 4}",0.3259
B6_node2vec,1,0,"{'dim': 8, 'p': 0.25, 'q': 0.25}",0.1994
B6_node2vec,1,0,"{'dim': 8, 'p': 0.25, 'q': 1}",0.2293
B6_node2vec,1,0,"{'dim': 8, 'p': 0.25, 'q': 4}",0.2031
B6_node2vec,1,0,"{'dim': 8, 'p': 1, 'q': 0.25}",0.1849
B6_node2vec,1,0,"{'dim': 8, 'p': 1, 'q': 1}",0.1982
B6_node2vec,1,0,"{'dim': 8, 'p': 1, 'q': 4}",0.2340
B6_node2vec,1,0,"{'dim': 8, 'p': 4, 'q': 0.25}",0.2155
B6_node2vec,1,0,"{'dim': 8, 'p': 4, 'q': 1}",0.1851
B6_node2vec,1,0,"{'dim': 8, 'p': 4, 'q': 4}",0.1926
B6_node2vec,1,0,"{'dim': 16, 'p': 0.25, 'q': 0.25}",0.2875
B6_node2vec,1,0,"{'dim': 16, 'p': 0.25, 'q': 1}",0.3028
B6_node2vec,1,0,"{'dim': 16, 'p': 0.25, 'q': 4}",0.2824
B6_node2vec,1,0,"{'dim': 16, 'p': 1, 'q': 0.25}",0.2741
B6_node2vec,1,0,"{'dim': 16, 'p': 1, 'q': 1}",0.3164
B6_node2vec,1,0,"{'dim': 16, 'p': 1, 'q': 4}",0.3089
B6_node2vec,1,0,"{'dim': 16, 'p': 4, 'q': 0.25}",0.2639
B6_node2vec,1,0,"{'dim': 16, 'p': 4, 'q': 1}",0.2755
B6_node2vec,1,0,"{'dim': 16, 'p': 4, 'q': 4}",0.2638
B6_node2vec,1,0,"{'dim': 32, 'p': 0.25, 'q': 0.25}",0.3561
B6_node2vec,1,0,"{'dim': 32, 'p': 0.25, 'q': 1}",0.3456
B6_node2vec,1,0,"{'dim': 32, 'p': 0.25, 'q': 4}",0.3279
B6_node2vec,1,0,"{'dim': 32, 'p': 1, 'q': 0.25}",0.3130
B6_node2vec,1,0,"{'dim': 32, 'p': 1, 'q': 1}",0.3485
B6_node2vec,1,0,"{'dim': 32, 'p': 1, 'q': 4}",0.3701
B6_node2vec,1,0,"{'dim': 32, 'p': 4, 'q': 0.25}",0.3594
B6_node2vec,1,0,"{'dim': 32, 'p': 4, 'q': 1}",0.2970
B6_node2vec,1,0,"{'dim': 32, 'p': 4, 'q': 4}",0.2880
B6_node2vec,1,0,"{'dim': 64, 'p': 0.25, 'q': 0.25}",0.3682
B6_node2vec,1,0,"{'dim': 64, 'p': 0.25, 'q': 1}",0.3503
B6_node2vec,1,0,"{'dim': 64, 'p': 0.25, 'q': 4}",0.3178
B6_node2vec,1,0,"{'dim': 64, 'p': 1, 'q': 0.25}",0.3304
B6_node2vec,1,0,"{'dim': 64, 'p': 1, 'q': 1}",0.3461
B6_node2vec,1,0,"{'dim': 64, 'p': 1, 'q': 4}",0.3600
B6_node2vec,1,0,"{'dim': 64, 'p': 4, 'q': 0.25}",0.3558
B6_node2vec,1,0,"{'dim': 64, 'p': 4, 'q': 1}",0.3134
B6_node2vec,1,0,"{'dim': 64, 'p': 4, 'q': 4}",0.2884
B6_node2vec,1,1,"{'dim': 8, 'p': 0.25, 'q': 0.25}",0.1964
B6_node2vec,1,1,"{'dim': 8, 'p': 0.25, 'q': 1}",0.2235
B6_node2vec,1,1,"{'dim': 8, 'p': 0.25, 'q': 4}",0.1900
B6_node2vec,1,1,"{'dim': 8, 'p': 1, 'q': 0.25}",0.1898
B6_node2vec,1,1,"{'dim': 8, 'p': 1, 'q': 1}",0.2161
B6_node2vec,1,1,"{'dim': 8, 'p': 1, 'q': 4}",0.2365
B6_node2vec,1,1,"{'dim': 8, 'p': 4, 'q': 0.25}",0.2061
B6_node2vec,1,1,"{'dim': 8, 'p': 4, 'q': 1}",0.1849
B6_node2vec,1,1,"{'dim': 8, 'p': 4, 'q': 4}",0.2021
B6_node2vec,1,1,"{'dim': 16, 'p': 0.25, 'q': 0.25}",0.2881
B6_node2vec,1,1,"{'dim': 16, 'p': 0.25, 'q': 1}",0.3223
B6_node2vec,1,1,"{'dim': 16, 'p': 0.25, 'q': 4}",0.2771
B6_node2vec,1,1,"{'dim': 16, 'p': 1, 'q': 0.25}",0.2764
B6_node2vec,1,1,"{'dim': 16, 'p': 1, 'q': 1}",0.3065
B6_node2vec,1,1,"{'dim': 16, 'p': 1, 'q': 4}",0.2973
B6_node2vec,1,1,"{'dim': 16, 'p': 4, 'q': 0.25}",0.2541
B6_node2vec,1,1,"{'dim': 16, 'p': 4, 'q': 1}",0.2733
B6_node2vec,1,1,"{'dim': 16, 'p': 4, 'q': 4}",0.2810
B6_node2vec,1,1,"{'dim': 32, 'p': 0.25, 'q': 0.25}",0.3528
B6_node2vec,1,1,"{'dim': 32, 'p': 0.25, 'q': 1}",0.3580
B6_node2vec,1,1,"{'dim': 32, 'p': 0.25, 'q': 4}",0.3359
B6_node2vec,1,1,"{'dim': 32, 'p': 1, 'q': 0.25}",0.3241
B6_node2vec,1,1,"{'dim': 32, 'p': 1, 'q': 1}",0.3377
B6_node2vec,1,1,"{'dim': 32, 'p': 1, 'q': 4}",0.3800
B6_node2vec,1,1,"{'dim': 32, 'p': 4, 'q': 0.25}",0.3465
B6_node2vec,1,1,"{'dim': 32, 'p': 4, 'q': 1}",0.3077
B6_node2vec,1,1,"{'dim': 32, 'p': 4, 'q': 4}",0.3239
B6_node2vec,1,1,"{'dim': 64, 'p': 0.25, 'q': 0.25}",0.3567
B6_node2vec,1,1,"{'dim': 64, 'p': 0.25, 'q': 1}",0.3569
B6_node2vec,1,1,"{'dim': 64, 'p': 0.25, 'q': 4}",0.3278
B6_node2vec,1,1,"{'dim': 64, 'p': 1, 'q': 0.25}",0.3415
B6_node2vec,1,1,"{'dim': 64, 'p': 1, 'q': 1}",0.3483
B6_node2vec,1,1,"{'dim': 64, 'p': 1, 'q': 4}",0.3707
B6_node2vec,1,1,"{'dim': 64, 'p': 4, 'q': 0.25}",0.3530
B6_node2vec,1,1,"{'dim': 64, 'p': 4, 'q': 1}",0.3155
B6_node2vec,1,1,"{'dim': 64, 'p': 4, 'q': 4}",0.3109
B6_node2vec,1,2,"{'dim': 8, 'p': 0.25, 'q': 0.25}",0.1842
B6_node2vec,1,2,"{'dim': 8, 'p': 0.25, 'q': 1}",0.2139
B6_node2vec,1,2,"{'dim': 8, 'p': 0.25, 'q': 4}",0.1729
B6_node2vec,1,2,"{'dim': 8, 'p': 1, 'q': 0.25}",0.1774
B6_node2vec,1,2,"{'dim': 8, 'p': 1, 'q': 1}",0.2102
B6_node2vec,1,2,"{'dim': 8, 'p': 1, 'q': 4}",0.2322
B6_node2vec,1,2,"{'dim': 8, 'p': 4, 'q': 0.25}",0.2088
B6_node2vec,1,2,"{'dim': 8, 'p': 4, 'q': 1}",0.1820
B6_node2vec,1,2,"{'dim': 8, 'p': 4, 'q': 4}",0.1877
B6_node2vec,1,2,"{'dim': 16, 'p': 0.25, 'q': 0.25}",0.2663
B6_node2vec,1,2,"{'dim': 16, 'p': 0.25, 'q': 1}",0.2870
B6_node2vec,1,2,"{'dim': 16, 'p': 0.25, 'q': 4}",0.2676
B6_node2vec,1,2,"{'dim': 16, 'p': 1, 'q': 0.25}",0.2542
B6_node2vec,1,2,"{'dim': 16, 'p': 1, 'q': 1}",0.2925
B6_node2vec,1,2,"{'dim': 16, 'p': 1, 'q': 4}",0.2900
B6_node2vec,1,2,"{'dim': 16, 'p': 4, 'q': 0.25}",0.2437
B6_node2vec,1,2,"{'dim': 16, 'p': 4, 'q': 1}",0.2551
B6_node2vec,1,2,"{'dim': 16, 'p': 4, 'q': 4}",0.2543
B6_node2vec,1,2,"{'dim': 32, 'p': 0.25, 'q': 0.25}",0.3415
B6_node2vec,1,2,"{'dim': 32, 'p': 0.25, 'q': 1}",0.3382
B6_node2vec,1,2,"{'dim': 32, 'p': 0.25, 'q': 4}",0.3217
B6_node2vec,1,2,"{'dim': 32, 'p': 1, 'q': 0.25}",0.2937
B6_node2vec,1,2,"{'dim': 32, 'p': 1, 'q': 1}",0.3368
B6_node2vec,1,2,"{'dim': 32, 'p': 1, 'q': 4}",0.3609
B6_node2vec,1,2,"{'dim': 32, 'p': 4, 'q': 0.25}",0.3383
B6_node2vec,1,2,"{'dim': 32, 'p': 4, 'q': 1}",0.2778
B6_node2vec,1,2,"{'dim': 32, 'p': 4, 'q': 4}",0.2869
B6_node2vec,1,2,"{'dim': 64, 'p': 0.25, 'q': 0.25}",0.3412
B6_node2vec,1,2,"{'dim': 64, 'p': 0.25, 'q': 1}",0.3343
B6_node2vec,1,2,"{'dim': 64, 'p': 0.25, 'q': 4}",0.3078
B6_node2vec,1,2,"{'dim': 64, 'p': 1, 'q': 0.25}",0.3110
B6_node2vec,1,2,"{'dim': 64, 'p': 1, 'q': 1}",0.3366
B6_node2vec,1,2,"{'dim': 64, 'p': 1, 'q': 4}",0.3446
B6_node2vec,1,2,"{'dim': 64, 'p': 4, 'q': 0.25}",0.3289
B6_node2vec,1,2,"{'dim': 64, 'p': 4, 'q': 1}",0.2882
B6_node2vec,1,2,"{'dim': 64, 'p': 4, 'q': 4}",0.2796
B6_node2vec,1,3,"{'dim': 8, 'p': 0.25, 'q': 0.25}",0.1947
B6_node2vec,1,3,"{'dim': 8, 'p': 0.25, 'q': 1}",0.2337
B6_node2vec,1,3,"{'dim': 8, 'p': 0.25, 'q': 4}",0.2006
B6_node2vec,1,3,"{'dim': 8, 'p': 1, 'q': 0.25}",0.1961
B6_node2vec,1,3,"{'dim': 8, 'p': 1, 'q': 1}",0.2091
B6_node2vec,1,3,"{'dim': 8, 'p': 1, 'q': 4}",0.2478
B6_node2vec,1,3,"{'dim': 8, 'p': 4, 'q': 0.25}",0.2183
B6_node2vec,1,3,"{'dim': 8, 'p': 4, 'q': 1}",0.1904
B6_node2vec,1,3,"{'dim': 8, 'p': 4, 'q': 4}",0.1969
B6_node2vec,1,3,"{'dim': 16, 'p': 0.25, 'q': 0.25}",0.3085
B6_node2vec,1,3,"{'dim': 16, 'p': 0.25, 'q': 1}",0.3182
B6_node2vec,1,3,"{'dim': 16, 'p': 0.25, 'q': 4}",0.2840
B6_node2vec,1,3,"{'dim': 16, 'p': 1, 'q': 0.25}",0.2876
B6_node2vec,1,3,"{'dim': 16, 'p': 1, 'q': 1}",0.3079
B6_node2vec,1,3,"{'dim': 16, 'p': 1, 'q': 4}",0.3053
B6_node2vec,1,3,"{'dim': 16, 'p': 4, 'q': 0.25}",0.2670
B6_node2vec,1,3,"{'dim': 16, 'p': 4, 'q': 1}",0.2863
B6_node2vec,1,3,"{'dim': 16, 'p': 4, 'q': 4}",0.2767
B6_node2vec,1,3,"{'dim': 32, 'p': 0.25, 'q': 0.25}",0.3753
B6_node2vec,1,3,"{'dim': 32, 'p': 0.25, 'q': 1}",0.3667
B6_node2vec,1,3,"{'dim': 32, 'p': 0.25, 'q': 4}",0.3491
B6_node2vec,1,3,"{'dim': 32, 'p': 1, 'q': 0.25}",0.3272
B6_node2vec,1,3,"{'dim': 32, 'p': 1, 'q': 1}",0.3544
B6_node2vec,1,3,"{'dim': 32, 'p': 1, 'q': 4}",0.3815
B6_node2vec,1,3,"{'dim': 32, 'p': 4, 'q': 0.25}",0.3696
B6_node2vec,1,3,"{'dim': 32, 'p': 4, 'q': 1}",0.3153
B6_node2vec,1,3,"{'dim': 32, 'p': 4, 'q': 4}",0.3057
B6_node2vec,1,3,"{'dim': 64, 'p': 0.25, 'q': 0.25}",0.3818
B6_node2vec,1,3,"{'dim': 64, 'p': 0.25, 'q': 1}",0.3595
B6_node2vec,1,3,"{'dim': 64, 'p': 0.25, 'q': 4}",0.3354
B6_node2vec,1,3,"{'dim': 64, 'p': 1, 'q': 0.25}",0.3491
B6_node2vec,1,3,"{'dim': 64, 'p': 1, 'q': 1}",0.3522
B6_node2vec,1,3,"{'dim': 64, 'p': 1, 'q': 4}",0.3684
B6_node2vec,1,3,"{'dim': 64, 'p': 4, 'q': 0.25}",0.3706
B6_node2vec,1,3,"{'dim': 64, 'p': 4, 'q': 1}",0.3292
B6_node2vec,1,3,"{'dim': 64, 'p': 4, 'q': 4}",0.2941
B6_node2vec,1,4,"{'dim': 8, 'p': 0.25, 'q': 0.25}",0.1926
B6_node2vec,1,4,"{'dim': 8, 'p': 0.25, 'q': 1}",0.2172
B6_node2vec,1,4,"{'dim': 8, 'p': 0.25, 'q': 4}",0.1944
B6_node2vec,1,4,"{'dim': 8, 'p': 1, 'q': 0.25}",0.1824
B6_node2vec,1,4,"{'dim': 8, 'p': 1, 'q': 1}",0.2035
B6_node2vec,1,4,"{'dim': 8, 'p': 1, 'q': 4}",0.2172
B6_node2vec,1,4,"{'dim': 8, 'p': 4, 'q': 0.25}",0.1967
B6_node2vec,1,4,"{'dim': 8, 'p': 4, 'q': 1}",0.1884
B6_node2vec,1,4,"{'dim': 8, 'p': 4, 'q': 4}",0.1902
B6_node2vec,1,4,"{'dim': 16, 'p': 0.25, 'q': 0.25}",0.2741
B6_node2vec,1,4,"{'dim': 16, 'p': 0.25, 'q': 1}",0.2934
B6_node2vec,1,4,"{'dim': 16, 'p': 0.25, 'q': 4}",0.2673
B6_node2vec,1,4,"{'dim': 16, 'p': 1, 'q': 0.25}",0.2416
B6_node2vec,1,4,"{'dim': 16, 'p': 1, 'q': 1}",0.2898
B6_node2vec,1,4,"{'dim': 16, 'p': 1, 'q': 4}",0.2905
B6_node2vec,1,4,"{'dim': 16, 'p': 4, 'q': 0.25}",0.2385
B6_node2vec,1,4,"{'dim': 16, 'p': 4, 'q': 1}",0.2455
B6_node2vec,1,4,"{'dim': 16, 'p': 4, 'q': 4}",0.2677
B6_node2vec,1,4,"{'dim': 32, 'p': 0.25, 'q': 0.25}",0.3506
B6_node2vec,1,4,"{'dim': 32, 'p': 0.25, 'q': 1}",0.3308
B6_node2vec,1,4,"{'dim': 32, 'p': 0.25, 'q': 4}",0.3212
B6_node2vec,1,4,"{'dim': 32, 'p': 1, 'q': 0.25}",0.2884
B6_node2vec,1,4,"{'dim': 32, 'p': 1, 'q': 1}",0.3128
B6_node2vec,1,4,"{'dim': 32, 'p': 1, 'q': 4}",0.3518
B6_node2vec,1,4,"{'dim': 32, 'p': 4, 'q': 0.25}",0.3343
B6_node2vec,1,4,"{'dim': 32, 'p': 4, 'q': 1}",0.2796
B6_node2vec,1,4,"{'dim': 32, 'p': 4, 'q': 4}",0.3009
B6_node2vec,1,4,"{'dim': 64, 'p': 0.25, 'q': 0.25}",0.3645
B6_node2vec,1,4,"{'dim': 64, 'p': 0.25, 'q': 1}",0.3186
B6_node2vec,1,4,"{'dim': 64, 'p': 0.25, 'q': 4}",0.3115
B6_node2vec,1,4,"{'dim': 64, 'p': 1, 'q': 0.25}",0.3195
B6_node2vec,1,4,"{'dim': 64, 'p': 1, 'q': 1}",0.3106
B6_node2vec,1,4,"{'dim': 64, 'p': 1, 'q': 4}",0.3575
B6_node2vec,1,4,"{'dim': 64, 'p': 4, 'q': 0.25}",0.3305
B6_node2vec,1,4,"{'dim': 64, 'p': 4, 'q': 1}",0.2911
B6_node2vec,1,4,"{'dim': 64, 'p': 4, 'q': 4}",0.2972
B6_node2vec,2,0,"{'dim': 8, 'p': 0.25, 'q': 0.25}",0.1934
B6_node2vec,2,0,"{'dim': 8, 'p': 0.25, 'q': 1}",0.1874
B6_node2vec,2,0,"{'dim': 8, 'p': 0.25, 'q': 4}",0.1976
B6_node2vec,2,0,"{'dim': 8, 'p': 1, 'q': 0.25}",0.1862
B6_node2vec,2,0,"{'dim': 8, 'p': 1, 'q': 1}",0.2208
B6_node2vec,2,0,"{'dim': 8, 'p': 1, 'q': 4}",0.2144
B6_node2vec,2,0,"{'dim': 8, 'p': 4, 'q': 0.25}",0.2201
B6_node2vec,2,0,"{'dim': 8, 'p': 4, 'q': 1}",0.2003
B6_node2vec,2,0,"{'dim': 8, 'p': 4, 'q': 4}",0.2179
B6_node2vec,2,0,"{'dim': 16, 'p': 0.25, 'q': 0.25}",0.3001
B6_node2vec,2,0,"{'dim': 16, 'p': 0.25, 'q': 1}",0.2962
B6_node2vec,2,0,"{'dim': 16, 'p': 0.25, 'q': 4}",0.3012
B6_node2vec,2,0,"{'dim': 16, 'p': 1, 'q': 0.25}",0.2685
B6_node2vec,2,0,"{'dim': 16, 'p': 1, 'q': 1}",0.2964
B6_node2vec,2,0,"{'dim': 16, 'p': 1, 'q': 4}",0.2559
B6_node2vec,2,0,"{'dim': 16, 'p': 4, 'q': 0.25}",0.2841
B6_node2vec,2,0,"{'dim': 16, 'p': 4, 'q': 1}",0.2714
B6_node2vec,2,0,"{'dim': 16, 'p': 4, 'q': 4}",0.2858
B6_node2vec,2,0,"{'dim': 32, 'p': 0.25, 'q': 0.25}",0.3307
B6_node2vec,2,0,"{'dim': 32, 'p': 0.25, 'q': 1}",0.3190
B6_node2vec,2,0,"{'dim': 32, 'p': 0.25, 'q': 4}",0.3514
B6_node2vec,2,0,"{'dim': 32, 'p': 1, 'q': 0.25}",0.3300
B6_node2vec,2,0,"{'dim': 32, 'p': 1, 'q': 1}",0.3366
B6_node2vec,2,0,"{'dim': 32, 'p': 1, 'q': 4}",0.3093
B6_node2vec,2,0,"{'dim': 32, 'p': 4, 'q': 0.25}",0.3420
B6_node2vec,2,0,"{'dim': 32, 'p': 4, 'q': 1}",0.3304
B6_node2vec,2,0,"{'dim': 32, 'p': 4, 'q': 4}",0.3070
B6_node2vec,2,0,"{'dim': 64, 'p': 0.25, 'q': 0.25}",0.3386
B6_node2vec,2,0,"{'dim': 64, 'p': 0.25, 'q': 1}",0.3300
B6_node2vec,2,0,"{'dim': 64, 'p': 0.25, 'q': 4}",0.3492
B6_node2vec,2,0,"{'dim': 64, 'p': 1, 'q': 0.25}",0.3328
B6_node2vec,2,0,"{'dim': 64, 'p': 1, 'q': 1}",0.3301
B6_node2vec,2,0,"{'dim': 64, 'p': 1, 'q': 4}",0.3317
B6_node2vec,2,0,"{'dim': 64, 'p': 4, 'q': 0.25}",0.3242
B6_node2vec,2,0,"{'dim': 64, 'p': 4, 'q': 1}",0.3107
B6_node2vec,2,0,"{'dim': 64, 'p': 4, 'q': 4}",0.3014
B6_node2vec,2,1,"{'dim': 8, 'p': 0.25, 'q': 0.25}",0.2136
B6_node2vec,2,1,"{'dim': 8, 'p': 0.25, 'q': 1}",0.1995
B6_node2vec,2,1,"{'dim': 8, 'p': 0.25, 'q': 4}",0.2153
B6_node2vec,2,1,"{'dim': 8, 'p': 1, 'q': 0.25}",0.1881
B6_node2vec,2,1,"{'dim': 8, 'p': 1, 'q': 1}",0.2121
B6_node2vec,2,1,"{'dim': 8, 'p': 1, 'q': 4}",0.2144
B6_node2vec,2,1,"{'dim': 8, 'p': 4, 'q': 0.25}",0.2201
B6_node2vec,2,1,"{'dim': 8, 'p': 4, 'q': 1}",0.1933
B6_node2vec,2,1,"{'dim': 8, 'p': 4, 'q': 4}",0.2037
B6_node2vec,2,1,"{'dim': 16, 'p': 0.25, 'q': 0.25}",0.3174
B6_node2vec,2,1,"{'dim': 16, 'p': 0.25, 'q': 1}",0.2997
B6_node2vec,2,1,"{'dim': 16, 'p': 0.25, 'q': 4}",0.3105
B6_node2vec,2,1,"{'dim': 16, 'p': 1, 'q': 0.25}",0.2734
B6_node2vec,2,1,"{'dim': 16, 'p': 1, 'q': 1}",0.3054
B6_node2vec,2,1,"{'dim': 16, 'p': 1, 'q': 4}",0.2954
B6_node2vec,2,1,"{'dim': 16, 'p': 4, 'q': 0.25}",0.3009
B6_node2vec,2,1,"{'dim': 16, 'p': 4, 'q': 1}",0.3020
B6_node2vec,2,1,"{'dim': 16, 'p': 4, 'q': 4}",0.3169
B6_node2vec,2,1,"{'dim': 32, 'p': 0.25, 'q': 0.25}",0.3485
B6_node2vec,2,1,"{'dim': 32, 'p': 0.25, 'q': 1}",0.3353
B6_node2vec,2,1,"{'dim': 32, 'p': 0.25, 'q': 4}",0.3790
B6_node2vec,2,1,"{'dim': 32, 'p': 1, 'q': 0.25}",0.3225
B6_node2vec,2,1,"{'dim': 32, 'p': 1, 'q': 1}",0.3491
B6_node2vec,2,1,"{'dim': 32, 'p': 1, 'q': 4}",0.3640
B6_node2vec,2,1,"{'dim': 32, 'p': 4, 'q': 0.25}",0.3417
B6_node2vec,2,1,"{'dim': 32, 'p': 4, 'q': 1}",0.3487
B6_node2vec,2,1,"{'dim': 32, 'p': 4, 'q': 4}",0.3456
B6_node2vec,2,1,"{'dim': 64, 'p': 0.25, 'q': 0.25}",0.3624
B6_node2vec,2,1,"{'dim': 64, 'p': 0.25, 'q': 1}",0.3405
B6_node2vec,2,1,"{'dim': 64, 'p': 0.25, 'q': 4}",0.3737
B6_node2vec,2,1,"{'dim': 64, 'p': 1, 'q': 0.25}",0.3268
B6_node2vec,2,1,"{'dim': 64, 'p': 1, 'q': 1}",0.3544
B6_node2vec,2,1,"{'dim': 64, 'p': 1, 'q': 4}",0.3652
B6_node2vec,2,1,"{'dim': 64, 'p': 4, 'q': 0.25}",0.3464
B6_node2vec,2,1,"{'dim': 64, 'p': 4, 'q': 1}",0.3320
B6_node2vec,2,1,"{'dim': 64, 'p': 4, 'q': 4}",0.3326
B6_node2vec,2,2,"{'dim': 8, 'p': 0.25, 'q': 0.25}",0.1963
B6_node2vec,2,2,"{'dim': 8, 'p': 0.25, 'q': 1}",0.1939
B6_node2vec,2,2,"{'dim': 8, 'p': 0.25, 'q': 4}",0.2025
B6_node2vec,2,2,"{'dim': 8, 'p': 1, 'q': 0.25}",0.1816
B6_node2vec,2,2,"{'dim': 8, 'p': 1, 'q': 1}",0.1936
B6_node2vec,2,2,"{'dim': 8, 'p': 1, 'q': 4}",0.2062
B6_node2vec,2,2,"{'dim': 8, 'p': 4, 'q': 0.25}",0.2123
B6_node2vec,2,2,"{'dim': 8, 'p': 4, 'q': 1}",0.2027
B6_node2vec,2,2,"{'dim': 8, 'p': 4, 'q': 4}",0.2324
B6_node2vec,2,2,"{'dim': 16, 'p': 0.25, 'q': 0.25}",0.3020
B6_node2vec,2,2,"{'dim': 16, 'p': 0.25, 'q': 1}",0.2830
B6_node2vec,2,2,"{'dim': 16, 'p': 0.25, 'q': 4}",0.3204
B6_node2vec,2,2,"{'dim': 16, 'p': 1, 'q': 0.25}",0.2762
B6_node2vec,2,2,"{'dim': 16, 'p': 1, 'q': 1}",0.2906
B6_node2vec,2,2,"{'dim': 16, 'p': 1, 'q': 4}",0.2826
B6_node2vec,2,2,"{'dim': 16, 'p': 4, 'q': 0.25}",0.2690
B6_node2vec,2,2,"{'dim': 16, 'p': 4, 'q': 1}",0.2865
B6_node2vec,2,2,"{'dim': 16, 'p': 4, 'q': 4}",0.3114
B6_node2vec,2,2,"{'dim': 32, 'p': 0.25, 'q': 0.25}",0.3249
B6_node2vec,2,2,"{'dim': 32, 'p': 0.25, 'q': 1}",0.3186
B6_node2vec,2,2,"{'dim': 32, 'p': 0.25, 'q': 4}",0.3684
B6_node2vec,2,2,"{'dim': 32, 'p': 1, 'q': 0.25}",0.3306
B6_node2vec,2,2,"{'dim': 32, 'p': 1, 'q': 1}",0.3262
B6_node2vec,2,2,"{'dim': 32, 'p': 1, 'q': 4}",0.3590
B6_node2vec,2,2,"{'dim': 32, 'p': 4, 'q': 0.25}",0.3243
B6_node2vec,2,2,"{'dim': 32, 'p': 4, 'q': 1}",0.3420
B6_node2vec,2,2,"{'dim': 32, 'p': 4, 'q': 4}",0.3430
B6_node2vec,2,2,"{'dim': 64, 'p': 0.25, 'q': 0.25}",0.3254
B6_node2vec,2,2,"{'dim': 64, 'p': 0.25, 'q': 1}",0.3217
B6_node2vec,2,2,"{'dim': 64, 'p': 0.25, 'q': 4}",0.3716
B6_node2vec,2,2,"{'dim': 64, 'p': 1, 'q': 0.25}",0.3335
B6_node2vec,2,2,"{'dim': 64, 'p': 1, 'q': 1}",0.3335
B6_node2vec,2,2,"{'dim': 64, 'p': 1, 'q': 4}",0.3611
B6_node2vec,2,2,"{'dim': 64, 'p': 4, 'q': 0.25}",0.3139
B6_node2vec,2,2,"{'dim': 64, 'p': 4, 'q': 1}",0.3233
B6_node2vec,2,2,"{'dim': 64, 'p': 4, 'q': 4}",0.3356
B6_node2vec,2,3,"{'dim': 8, 'p': 0.25, 'q': 0.25}",0.2251
B6_node2vec,2,3,"{'dim': 8, 'p': 0.25, 'q': 1}",0.2107
B6_node2vec,2,3,"{'dim': 8, 'p': 0.25, 'q': 4}",0.2123
B6_node2vec,2,3,"{'dim': 8, 'p': 1, 'q': 0.25}",0.2138
B6_node2vec,2,3,"{'dim': 8, 'p': 1, 'q': 1}",0.2321
B6_node2vec,2,3,"{'dim': 8, 'p': 1, 'q': 4}",0.2189
B6_node2vec,2,3,"{'dim': 8, 'p': 4, 'q': 0.25}",0.2283
B6_node2vec,2,3,"{'dim': 8, 'p': 4, 'q': 1}",0.2159
B6_node2vec,2,3,"{'dim': 8, 'p': 4, 'q': 4}",0.2176
B6_node2vec,2,3,"{'dim': 16, 'p': 0.25, 'q': 0.25}",0.3372
B6_node2vec,2,3,"{'dim': 16, 'p': 0.25, 'q': 1}",0.3226
B6_node2vec,2,3,"{'dim': 16, 'p': 0.25, 'q': 4}",0.3361
B6_node2vec,2,3,"{'dim': 16, 'p': 1, 'q': 0.25}",0.2930
B6_node2vec,2,3,"{'dim': 16, 'p': 1, 'q': 1}",0.3256
B6_node2vec,2,3,"{'dim': 16, 'p': 1, 'q': 4}",0.2970
B6_node2vec,2,3,"{'dim': 16, 'p': 4, 'q': 0.25}",0.3153
B6_node2vec,2,3,"{'dim': 16, 'p': 4, 'q': 1}",0.3010
B6_node2vec,2,3,"{'dim': 16, 'p': 4, 'q': 4}",0.3430
B6_node2vec,2,3,"{'dim': 32, 'p': 0.25, 'q': 0.25}",0.3823
B6_node2vec,2,3,"{'dim': 32, 'p': 0.25, 'q': 1}",0.3664
B6_node2vec,2,3,"{'dim': 32, 'p': 0.25, 'q': 4}",0.3957
B6_node2vec,2,3,"{'dim': 32, 'p': 1, 'q': 0.25}",0.3623
B6_node2vec,2,3,"{'dim': 32, 'p': 1, 'q': 1}",0.3617
B6_node2vec,2,3,"{'dim': 32, 'p': 1, 'q': 4}",0.3846
B6_node2vec,2,3,"{'dim': 32, 'p': 4, 'q': 0.25}",0.3836
B6_node2vec,2,3,"{'dim': 32, 'p': 4, 'q': 1}",0.3737
B6_node2vec,2,3,"{'dim': 32, 'p': 4, 'q': 4}",0.3579
B6_node2vec,2,3,"{'dim': 64, 'p': 0.25, 'q': 0.25}",0.3853
B6_node2vec,2,3,"{'dim': 64, 'p': 0.25, 'q': 1}",0.3748
B6_node2vec,2,3,"{'dim': 64, 'p': 0.25, 'q': 4}",0.3858
B6_node2vec,2,3,"{'dim': 64, 'p': 1, 'q': 0.25}",0.3671
B6_node2vec,2,3,"{'dim': 64, 'p': 1, 'q': 1}",0.3780
B6_node2vec,2,3,"{'dim': 64, 'p': 1, 'q': 4}",0.3931
B6_node2vec,2,3,"{'dim': 64, 'p': 4, 'q': 0.25}",0.3763
B6_node2vec,2,3,"{'dim': 64, 'p': 4, 'q': 1}",0.3533
B6_node2vec,2,3,"{'dim': 64, 'p': 4, 'q': 4}",0.3600
B6_node2vec,2,4,"{'dim': 8, 'p': 0.25, 'q': 0.25}",0.2070
B6_node2vec,2,4,"{'dim': 8, 'p': 0.25, 'q': 1}",0.1916
B6_node2vec,2,4,"{'dim': 8, 'p': 0.25, 'q': 4}",0.1999
B6_node2vec,2,4,"{'dim': 8, 'p': 1, 'q': 0.25}",0.1823
B6_node2vec,2,4,"{'dim': 8, 'p': 1, 'q': 1}",0.2121
B6_node2vec,2,4,"{'dim': 8, 'p': 1, 'q': 4}",0.1963
B6_node2vec,2,4,"{'dim': 8, 'p': 4, 'q': 0.25}",0.2076
B6_node2vec,2,4,"{'dim': 8, 'p': 4, 'q': 1}",0.1902
B6_node2vec,2,4,"{'dim': 8, 'p': 4, 'q': 4}",0.1955
B6_node2vec,2,4,"{'dim': 16, 'p': 0.25, 'q': 0.25}",0.3111
B6_node2vec,2,4,"{'dim': 16, 'p': 0.25, 'q': 1}",0.2972
B6_node2vec,2,4,"{'dim': 16, 'p': 0.25, 'q': 4}",0.3073
B6_node2vec,2,4,"{'dim': 16, 'p': 1, 'q': 0.25}",0.2636
B6_node2vec,2,4,"{'dim': 16, 'p': 1, 'q': 1}",0.2919
B6_node2vec,2,4,"{'dim': 16, 'p': 1, 'q': 4}",0.2620
B6_node2vec,2,4,"{'dim': 16, 'p': 4, 'q': 0.25}",0.2570
B6_node2vec,2,4,"{'dim': 16, 'p': 4, 'q': 1}",0.2868
B6_node2vec,2,4,"{'dim': 16, 'p': 4, 'q': 4}",0.2919
B6_node2vec,2,4,"{'dim': 32, 'p': 0.25, 'q': 0.25}",0.3462
B6_node2vec,2,4,"{'dim': 32, 'p': 0.25, 'q': 1}",0.3197
B6_node2vec,2,4,"{'dim': 32, 'p': 0.25, 'q': 4}",0.3700
B6_node2vec,2,4,"{'dim': 32, 'p': 1, 'q': 0.25}",0.3250
B6_node2vec,2,4,"{'dim': 32, 'p': 1, 'q': 1}",0.3415
B6_node2vec,2,4,"{'dim': 32, 'p': 1, 'q': 4}",0.3381
B6_node2vec,2,4,"{'dim': 32, 'p': 4, 'q': 0.25}",0.3299
B6_node2vec,2,4,"{'dim': 32, 'p': 4, 'q': 1}",0.3481
B6_node2vec,2,4,"{'dim': 32, 'p': 4, 'q': 4}",0.3177
B6_node2vec,2,4,"{'dim': 64, 'p': 0.25, 'q': 0.25}",0.3560
B6_node2vec,2,4,"{'dim': 64, 'p': 0.25, 'q': 1}",0.3244
B6_node2vec,2,4,"{'dim': 64, 'p': 0.25, 'q': 4}",0.3618
B6_node2vec,2,4,"{'dim': 64, 'p': 1, 'q': 0.25}",0.3250
B6_node2vec,2,4,"{'dim': 64, 'p': 1, 'q': 1}",0.3372
B6_node2vec,2,4,"{'dim': 64, 'p': 1, 'q': 4}",0.3342
B6_node2vec,2,4,"{'dim': 64, 'p': 4, 'q': 0.25}",0.3306
B6_node2vec,2,4,"{'dim': 64, 'p': 4, 'q': 1}",0.3307
B6_node2vec,2,4,"{'dim': 64, 'p': 4, 'q': 4}",0.3169
B3_bm25,0,0,"{'k1': 0.9, 'b': 0.0}",0.3681
B3_bm25,0,0,"{'k1': 0.9, 'b': 0.3}",0.3696
B3_bm25,0,0,"{'k1': 0.9, 'b': 0.75}",0.3786
B3_bm25,0,0,"{'k1': 1.2, 'b': 0.0}",0.3681
B3_bm25,0,0,"{'k1': 1.2, 'b': 0.3}",0.3698
B3_bm25,0,0,"{'k1': 1.2, 'b': 0.75}",0.3785
B3_bm25,0,0,"{'k1': 1.5, 'b': 0.0}",0.3681
B3_bm25,0,0,"{'k1': 1.5, 'b': 0.3}",0.3728
B3_bm25,0,0,"{'k1': 1.5, 'b': 0.75}",0.3780
B3_bm25,0,0,"{'k1': 2.0, 'b': 0.0}",0.3681
B3_bm25,0,0,"{'k1': 2.0, 'b': 0.3}",0.3734
B3_bm25,0,0,"{'k1': 2.0, 'b': 0.75}",0.3829
B3_bm25,0,1,"{'k1': 0.9, 'b': 0.0}",0.3616
B3_bm25,0,1,"{'k1': 0.9, 'b': 0.3}",0.3643
B3_bm25,0,1,"{'k1': 0.9, 'b': 0.75}",0.3730
B3_bm25,0,1,"{'k1': 1.2, 'b': 0.0}",0.3616
B3_bm25,0,1,"{'k1': 1.2, 'b': 0.3}",0.3644
B3_bm25,0,1,"{'k1': 1.2, 'b': 0.75}",0.3731
B3_bm25,0,1,"{'k1': 1.5, 'b': 0.0}",0.3616
B3_bm25,0,1,"{'k1': 1.5, 'b': 0.3}",0.3674
B3_bm25,0,1,"{'k1': 1.5, 'b': 0.75}",0.3731
B3_bm25,0,1,"{'k1': 2.0, 'b': 0.0}",0.3616
B3_bm25,0,1,"{'k1': 2.0, 'b': 0.3}",0.3680
B3_bm25,0,1,"{'k1': 2.0, 'b': 0.75}",0.3778
B3_bm25,0,2,"{'k1': 0.9, 'b': 0.0}",0.3783
B3_bm25,0,2,"{'k1': 0.9, 'b': 0.3}",0.3804
B3_bm25,0,2,"{'k1': 0.9, 'b': 0.75}",0.3862
B3_bm25,0,2,"{'k1': 1.2, 'b': 0.0}",0.3783
B3_bm25,0,2,"{'k1': 1.2, 'b': 0.3}",0.3806
B3_bm25,0,2,"{'k1': 1.2, 'b': 0.75}",0.3867
B3_bm25,0,2,"{'k1': 1.5, 'b': 0.0}",0.3783
B3_bm25,0,2,"{'k1': 1.5, 'b': 0.3}",0.3836
B3_bm25,0,2,"{'k1': 1.5, 'b': 0.75}",0.3861
B3_bm25,0,2,"{'k1': 2.0, 'b': 0.0}",0.3783
B3_bm25,0,2,"{'k1': 2.0, 'b': 0.3}",0.3840
B3_bm25,0,2,"{'k1': 2.0, 'b': 0.75}",0.3896
B3_bm25,0,3,"{'k1': 0.9, 'b': 0.0}",0.3802
B3_bm25,0,3,"{'k1': 0.9, 'b': 0.3}",0.3825
B3_bm25,0,3,"{'k1': 0.9, 'b': 0.75}",0.3913
B3_bm25,0,3,"{'k1': 1.2, 'b': 0.0}",0.3802
B3_bm25,0,3,"{'k1': 1.2, 'b': 0.3}",0.3825
B3_bm25,0,3,"{'k1': 1.2, 'b': 0.75}",0.3914
B3_bm25,0,3,"{'k1': 1.5, 'b': 0.0}",0.3802
B3_bm25,0,3,"{'k1': 1.5, 'b': 0.3}",0.3854
B3_bm25,0,3,"{'k1': 1.5, 'b': 0.75}",0.3910
B3_bm25,0,3,"{'k1': 2.0, 'b': 0.0}",0.3802
B3_bm25,0,3,"{'k1': 2.0, 'b': 0.3}",0.3861
B3_bm25,0,3,"{'k1': 2.0, 'b': 0.75}",0.3957
B3_bm25,0,4,"{'k1': 0.9, 'b': 0.0}",0.4053
B3_bm25,0,4,"{'k1': 0.9, 'b': 0.3}",0.4075
B3_bm25,0,4,"{'k1': 0.9, 'b': 0.75}",0.4118
B3_bm25,0,4,"{'k1': 1.2, 'b': 0.0}",0.4053
B3_bm25,0,4,"{'k1': 1.2, 'b': 0.3}",0.4076
B3_bm25,0,4,"{'k1': 1.2, 'b': 0.75}",0.4119
B3_bm25,0,4,"{'k1': 1.5, 'b': 0.0}",0.4053
B3_bm25,0,4,"{'k1': 1.5, 'b': 0.3}",0.4076
B3_bm25,0,4,"{'k1': 1.5, 'b': 0.75}",0.4114
B3_bm25,0,4,"{'k1': 2.0, 'b': 0.0}",0.4053
B3_bm25,0,4,"{'k1': 2.0, 'b': 0.3}",0.4080
B3_bm25,0,4,"{'k1': 2.0, 'b': 0.75}",0.4132
A1_wheel_treeW,0,0,"{'w': (1, 2, 3)}",0.2658
A1_wheel_treeW,0,0,"{'w': (1, 1, 1)}",0.3457
A1_wheel_treeW,0,0,"{'w': (1, 3, 9)}",0.2363
A1_wheel_treeW,0,1,"{'w': (1, 2, 3)}",0.2718
A1_wheel_treeW,0,1,"{'w': (1, 1, 1)}",0.3414
A1_wheel_treeW,0,1,"{'w': (1, 3, 9)}",0.2377
A1_wheel_treeW,0,2,"{'w': (1, 2, 3)}",0.2855
A1_wheel_treeW,0,2,"{'w': (1, 1, 1)}",0.3581
A1_wheel_treeW,0,2,"{'w': (1, 3, 9)}",0.2502
A1_wheel_treeW,0,3,"{'w': (1, 2, 3)}",0.2996
A1_wheel_treeW,0,3,"{'w': (1, 1, 1)}",0.3659
A1_wheel_treeW,0,3,"{'w': (1, 3, 9)}",0.2632
A1_wheel_treeW,0,4,"{'w': (1, 2, 3)}",0.2951
A1_wheel_treeW,0,4,"{'w': (1, 1, 1)}",0.3772
A1_wheel_treeW,0,4,"{'w': (1, 3, 9)}",0.2622
